"slope","z"
-1.8949,0.1
-1.6043,0.2
-2.135,0.3
-1.3174,0.4
-1.1441,0.5
-1.3306,0.6
-1.3554,0.7
-0.9596,0.8
-1.1264,0.9
-1.2132,1
-0.9566,1.1
-0.8183,1.2
-0.6785,1.3
-1.1277,1.4
-0.807,1.5
-0.827,1.6
-0.6914,1.7
-0.5555,1.8
-1.2678,1.9
-1.3183,2
-0.7749,2.1
-0.3662,2.2
-0.9012,2.3
-0.9326,2.4
-0.9595,2.5
-0.7249,2.6
-0.672,2.7
-0.6047,2.8
-1.2092,2.9
-0.8474,3
-0.6094,3.1
-0.5852,3.2
-0.9588,3.3
-0.7917,3.4
-0.5987,3.5
-0.7012,3.6
-0.719,3.7
-0.6508,3.8
-0.5332,3.9
-0.6377,4
-0.6524,4.1
-0.5209,4.2
-1.4648,4.3
-0.575,4.4
-0.5309,4.5
-0.4688,4.6
-0.5529,4.7
-0.3796,4.8
-0.6942,4.9
-0.8237,5
-1.9705,0.1
-1.757,0.2
-2.4636,0.3
-1.9855,0.4
-1.2304,0.5
-0.7669,0.6
-1.0243,0.7
-1.1016,0.8
-1.659,0.9
-0.7568,1
-0.988,1.1
-1.281,1.2
-0.9655,1.3
-0.6988,1.4
-0.5669,1.5
-1.0104,1.6
-0.6647,1.7
-0.5933,1.8
-1.1233,1.9
-0.8783,2
-0.5309,2.1
-0.9858,2.2
-1.0488,2.3
-0.6247,2.4
-1.0683,2.5
-0.6156,2.6
-0.6547,2.7
-0.7843,2.8
-0.5458,2.9
-0.6221,3
-0.6426,3.1
-0.4864,3.2
-0.6395,3.3
-0.7235,3.4
-0.4984,3.5
-0.7177,3.6
-0.6282,3.7
-0.845,3.8
-0.5846,3.9
-0.6396,4
-0.8011,4.1
-0.5716,4.2
-0.8316,4.3
-0.9531,4.4
-0.9702,4.5
-0.5956,4.6
-1.0269,4.7
-0.5752,4.8
-1.0918,4.9
-0.6606,5
-1.7339,0.1
-1.6582,0.2
-1.9149,0.3
-1.6399,0.4
-1.4614,0.5
-1.133,0.6
-0.9833,0.7
-1.1736,0.8
-1.7981,0.9
-1.255,1
-1.1422,1.1
-0.577,1.2
-0.6579,1.3
-1.266,1.4
-0.529,1.5
-1.4033,1.6
-0.7828,1.7
-1.0995,1.8
-0.9043,1.9
-0.7636,2
-0.9074,2.1
-0.6625,2.2
-1.0337,2.3
-0.5161,2.4
-0.8167,2.5
-1.1104,2.6
-1.0453,2.7
-0.7879,2.8
-0.5509,2.9
-1.0365,3
-0.5855,3.1
-0.7915,3.2
-0.9419,3.3
-0.5632,3.4
-0.6898,3.5
-1.4654,3.6
-0.6008,3.7
-0.6094,3.8
-0.617,3.9
-0.7797,4
-0.5331,4.1
-0.7186,4.2
-0.5989,4.3
-0.7609,4.4
-0.5189,4.5
-0.4844,4.6
-0.6504,4.7
-0.5688,4.8
-0.5675,4.9
-0.6069,5
-1.4991,0.1
-1.8245,0.2
-1.629,0.3
-1.4262,0.4
-2.0674,0.5
-1.2776,0.6
-1.508,0.7
-1.301,0.8
-0.7809,0.9
-1.4647,1
-1.3815,1.1
-1.1307,1.2
-0.9903,1.3
-1.088,1.4
-0.7903,1.5
-0.5129,1.6
-1.2594,1.7
-0.5325,1.8
-0.9317,1.9
-1.2143,2
-0.6987,2.1
-0.7301,2.2
-1.0048,2.3
-1.0448,2.4
-0.6028,2.5
-0.4383,2.6
-1.279,2.7
-0.4664,2.8
-0.7288,2.9
-0.8878,3
-1.1021,3.1
-0.9089,3.2
-0.5188,3.3
-0.5781,3.4
-1.4785,3.5
-0.5526,3.6
-0.5339,3.7
-0.8298,3.8
-0.6495,3.9
-0.8292,4
-0.878,4.1
-0.624,4.2
-0.7333,4.3
-0.488,4.4
-0.6524,4.5
-0.7145,4.6
-0.5122,4.7
-0.5357,4.8
-0.6372,4.9
-0.9753,5
-1.7442,0.1
-1.338,0.2
-1.8647,0.3
-1.3753,0.4
-1.3892,0.5
-1.0603,0.6
-1.1664,0.7
-1.1802,0.8
-0.9141,0.9
-0.8666,1
-0.6433,1.1
-0.7723,1.2
-0.8225,1.3
-0.6228,1.4
-0.6698,1.5
-1.1705,1.6
-0.6798,1.7
-0.9337,1.8
-1.2956,1.9
-0.5325,2
-0.7907,2.1
-1.006,2.2
-1.0438,2.3
-0.6177,2.4
-0.6528,2.5
-0.9163,2.6
-0.7442,2.7
-0.7018,2.8
-1.2693,2.9
-0.6897,3
-0.6187,3.1
-0.5749,3.2
-0.7164,3.3
-0.7118,3.4
-0.8679,3.5
-0.6655,3.6
-0.9099,3.7
-0.6755,3.8
-0.6575,3.9
-0.697,4
-1.0218,4.1
-0.4146,4.2
-0.4855,4.3
-0.622,4.4
-0.5392,4.5
-0.4551,4.6
-0.7711,4.7
-0.7797,4.8
-0.7144,4.9
-0.7759,5
-1.5664,0.1
-2.2875,0.2
-1.3148,0.3
-1.371,0.4
-1.2121,0.5
-0.8714,0.6
-2.0073,0.7
-1.1768,0.8
-0.892,0.9
-1.0025,1
-0.6417,1.1
-0.9531,1.2
-1.0103,1.3
-1.0644,1.4
-0.9165,1.5
-0.7819,1.6
-0.5995,1.7
-0.6753,1.8
-0.9465,1.9
-0.9292,2
-1.0777,2.1
-0.5755,2.2
-0.7229,2.3
-0.6939,2.4
-0.6417,2.5
-0.8352,2.6
-0.6406,2.7
-0.5919,2.8
-0.636,2.9
-0.7829,3
-0.8355,3.1
-0.5226,3.2
-0.5321,3.3
-0.5758,3.4
-0.8126,3.5
-0.383,3.6
-0.439,3.7
-0.5626,3.8
-0.8648,3.9
-0.6223,4
-0.8546,4.1
-0.6961,4.2
-1.1053,4.3
-0.8335,4.4
-0.6465,4.5
-0.7404,4.6
-0.4164,4.7
-0.5057,4.8
-0.4669,4.9
-0.834,5
-1.4533,0.1
-0.955,0.2
-1.9332,0.3
-1.7414,0.4
-1.2386,0.5
-1.2336,0.6
-1.2634,0.7
-0.855,0.8
-0.6238,0.9
-0.9968,1
-0.7533,1.1
-1.5332,1.2
-0.5704,1.3
-0.9212,1.4
-0.7837,1.5
-0.7838,1.6
-0.5444,1.7
-0.7839,1.8
-0.9736,1.9
-0.6906,2
-0.6697,2.1
-1.2689,2.2
-1.0754,2.3
-0.5971,2.4
-0.9212,2.5
-1.3059,2.6
-0.7847,2.7
-0.4542,2.8
-0.6545,2.9
-0.5209,3
-1.083,3.1
-0.8764,3.2
-0.6623,3.3
-0.7166,3.4
-0.5602,3.5
-0.5847,3.6
-0.6777,3.7
-0.6038,3.8
-0.5259,3.9
-0.4428,4
-0.5606,4.1
-0.7021,4.2
-0.6658,4.3
-0.4566,4.4
-0.6049,4.5
-0.8857,4.6
-0.5194,4.7
-0.6732,4.8
-0.5112,4.9
-0.9497,5
-1.5886,0.1
-2.1168,0.2
-1.3258,0.3
-1.4508,0.4
-1.5181,0.5
-1.4788,0.6
-1.1965,0.7
-1.0896,0.8
-1.0989,0.9
-1.1232,1
-1.007,1.1
-0.9104,1.2
-1.0022,1.3
-0.4539,1.4
-0.6667,1.5
-0.6495,1.6
-1.1142,1.7
-1.0198,1.8
-0.7258,1.9
-0.6394,2
-0.9698,2.1
-0.7341,2.2
-0.694,2.3
-0.9844,2.4
-0.7886,2.5
-0.7425,2.6
-0.639,2.7
-0.8679,2.8
-0.6718,2.9
-0.826,3
-0.5034,3.1
-0.7167,3.2
-0.8439,3.3
-0.8542,3.4
-0.6838,3.5
-0.5433,3.6
-0.7112,3.7
-0.8118,3.8
-0.688,3.9
-0.597,4
-1.027,4.1
-1.0914,4.2
-0.8684,4.3
-0.659,4.4
-0.5036,4.5
-1.3404,4.6
-0.6143,4.7
-0.5907,4.8
-0.5428,4.9
-0.7703,5
-1.4307,0.1
-1.8486,0.2
-1.4514,0.3
-1.7619,0.4
-1.9716,0.5
-1.5341,0.6
-1.3085,0.7
-0.7898,0.8
-0.975,0.9
-0.8576,1
-0.9486,1.1
-0.849,1.2
-0.7802,1.3
-0.8887,1.4
-1.0127,1.5
-0.928,1.6
-0.7237,1.7
-0.6033,1.8
-0.5807,1.9
-0.5226,2
-0.8368,2.1
-0.7834,2.2
-0.8719,2.3
-0.5564,2.4
-0.8933,2.5
-0.6504,2.6
-0.6542,2.7
-0.2346,2.8
-0.6836,2.9
-0.7231,3
-0.4535,3.1
-0.4996,3.2
-0.6856,3.3
-0.6854,3.4
-0.5127,3.5
-0.8448,3.6
-0.6315,3.7
-0.3951,3.8
-0.5809,3.9
-0.5729,4
-0.5125,4.1
-0.6632,4.2
-0.5023,4.3
-0.6432,4.4
-0.7346,4.5
-0.388,4.6
-0.5173,4.7
-0.5693,4.8
-0.6091,4.9
-0.5857,5
-1.4437,0.1
-2.1123,0.2
-1.3488,0.3
-1.28,0.4
-0.9549,0.5
-1.3341,0.6
-1.4831,0.7
-1.0703,0.8
-0.9387,0.9
-1.0722,1
-1.0747,1.1
-0.6275,1.2
-1.1025,1.3
-0.6663,1.4
-1.181,1.5
-0.6434,1.6
-0.7049,1.7
-0.4354,1.8
-1.0363,1.9
-0.4003,2
-0.9053,2.1
-0.7008,2.2
-0.8706,2.3
-0.5281,2.4
-0.9932,2.5
-0.8917,2.6
-1.0798,2.7
-0.9804,2.8
-0.556,2.9
-0.7383,3
-0.8888,3.1
-0.8937,3.2
-1.052,3.3
-0.8932,3.4
-0.5683,3.5
-1.1185,3.6
-0.7133,3.7
-0.5295,3.8
-0.4996,3.9
-1.3215,4
-1.1586,4.1
-0.6742,4.2
-0.5848,4.3
-1.2805,4.4
-0.534,4.5
-0.8928,4.6
-0.7613,4.7
-0.5895,4.8
-0.502,4.9
-0.6818,5
-1.408,0.1
-1.9818,0.2
-1.9571,0.3
-1.7359,0.4
-1.0252,0.5
-1.589,0.6
-1.6824,0.7
-1.4807,0.8
-1.2537,0.9
-0.9006,1
-1.0667,1.1
-0.8425,1.2
-0.9989,1.3
-0.7752,1.4
-0.5683,1.5
-0.9008,1.6
-0.4529,1.7
-0.9431,1.8
-0.6227,1.9
-1.2269,2
-0.6109,2.1
-0.5775,2.2
-1.8235,2.3
-0.6286,2.4
-0.7161,2.5
-0.6735,2.6
-0.7062,2.7
-0.6641,2.8
-0.5205,2.9
-0.7863,3
-0.6645,3.1
-0.6634,3.2
-0.7107,3.3
-1.2083,3.4
-0.4028,3.5
-0.449,3.6
-1.1447,3.7
-1.0913,3.8
-1.0646,3.9
-0.588,4
-0.492,4.1
-0.8323,4.2
-0.4866,4.3
-0.667,4.4
-0.5891,4.5
-0.4843,4.6
-0.8414,4.7
-0.5635,4.8
-0.787,4.9
-0.533,5
-1.2127,0.1
-1.7225,0.2
-2.0305,0.3
-1.4852,0.4
-1.0843,0.5
-0.9236,0.6
-1.4358,0.7
-1.0918,0.8
-1.2524,0.9
-1.2678,1
-0.8612,1.1
-0.925,1.2
-0.8609,1.3
-0.9074,1.4
-0.8435,1.5
-1.1962,1.6
-0.7716,1.7
-1.4488,1.8
-0.6387,1.9
-1.042,2
-0.7311,2.1
-0.7241,2.2
-0.8793,2.3
-0.8277,2.4
-0.7255,2.5
-1.3657,2.6
-0.7569,2.7
-0.8197,2.8
-0.9397,2.9
-0.5852,3
-0.866,3.1
-0.7509,3.2
-0.6266,3.3
-0.4925,3.4
-0.7206,3.5
-1.0012,3.6
-0.5778,3.7
-0.6757,3.8
-0.557,3.9
-0.9502,4
-0.7565,4.1
-0.6401,4.2
-1.1436,4.3
-0.7241,4.4
-0.752,4.5
-0.5007,4.6
-0.4462,4.7
-0.4784,4.8
-0.9616,4.9
-0.5646,5
-1.9558,0.1
-1.6885,0.2
-1.4495,0.3
-1.3826,0.4
-1.4304,0.5
-1.1101,0.6
-0.8947,0.7
-1.0983,0.8
-1.2222,0.9
-1.309,1
-0.7277,1.1
-1.3805,1.2
-0.9154,1.3
-0.7785,1.4
-1.2559,1.5
-0.9441,1.6
-0.5259,1.7
-0.859,1.8
-0.4227,1.9
-0.5467,2
-1.3577,2.1
-0.5008,2.2
-0.7754,2.3
-1.1059,2.4
-1.1251,2.5
-0.9034,2.6
-0.8627,2.7
-1.1047,2.8
-0.5428,2.9
-1.0783,3
-0.5703,3.1
-0.6792,3.2
-0.8509,3.3
-0.584,3.4
-0.9773,3.5
-0.7465,3.6
-0.5822,3.7
-0.4518,3.8
-0.5702,3.9
-0.5416,4
-0.8991,4.1
-0.8479,4.2
-0.7211,4.3
-0.8042,4.4
-0.5118,4.5
-0.6065,4.6
-0.7662,4.7
-0.7266,4.8
-1.0097,4.9
-0.5396,5
-1.4417,0.1
-2.1676,0.2
-1.4306,0.3
-1.2946,0.4
-1.2518,0.5
-1.4298,0.6
-1.1144,0.7
-1.3268,0.8
-0.7533,0.9
-1.3572,1
-0.8347,1.1
-0.4832,1.2
-0.661,1.3
-0.8776,1.4
-0.6621,1.5
-0.6172,1.6
-0.6125,1.7
-0.9861,1.8
-1.0036,1.9
-0.786,2
-0.6602,2.1
-0.7982,2.2
-1.1465,2.3
-0.9652,2.4
-0.8294,2.5
-0.859,2.6
-0.6277,2.7
-0.6592,2.8
-1.5674,2.9
-0.6564,3
-0.5483,3.1
-0.8491,3.2
-0.7064,3.3
-0.7009,3.4
-0.5342,3.5
-0.7234,3.6
-1.4626,3.7
-0.6336,3.8
-0.4929,3.9
-0.6493,4
-0.9587,4.1
-0.6383,4.2
-0.5722,4.3
-0.7201,4.4
-0.5452,4.5
-0.4784,4.6
-0.5745,4.7
-0.7593,4.8
-0.881,4.9
-0.9898,5
-1.4805,0.1
-1.7996,0.2
-1.2236,0.3
-1.5646,0.4
-1.273,0.5
-0.9487,0.6
-1.1603,0.7
-1.6874,0.8
-0.7995,0.9
-0.7557,1
-0.543,1.1
-1.2699,1.2
-0.7387,1.3
-0.6999,1.4
-0.9544,1.5
-0.9336,1.6
-0.5376,1.7
-0.5043,1.8
-0.8446,1.9
-0.7889,2
-0.8042,2.1
-1.0051,2.2
-1.1431,2.3
-0.8661,2.4
-0.8255,2.5
-1.0203,2.6
-0.5475,2.7
-0.7585,2.8
-0.7515,2.9
-0.9652,3
-0.7412,3.1
-0.5074,3.2
-0.7066,3.3
-1.1193,3.4
-0.761,3.5
-0.8536,3.6
-0.8073,3.7
-0.5184,3.8
-0.8147,3.9
-0.7771,4
-0.9287,4.1
-0.6588,4.2
-0.7936,4.3
-0.7436,4.4
-0.5357,4.5
-0.4648,4.6
-0.5599,4.7
-0.6566,4.8
-0.6374,4.9
-0.5444,5
-1.4158,0.1
-1.6153,0.2
-1.7588,0.3
-1.2544,0.4
-1.4735,0.5
-1.003,0.6
-1.342,0.7
-1.0754,0.8
-1.2126,0.9
-1.2385,1
-0.9927,1.1
-0.8689,1.2
-1.095,1.3
-0.7689,1.4
-1.2141,1.5
-0.9512,1.6
-1.0121,1.7
-0.5122,1.8
-0.521,1.9
-0.7639,2
-1.5835,2.1
-0.762,2.2
-0.5903,2.3
-0.6152,2.4
-0.6819,2.5
-1.1815,2.6
-0.9855,2.7
-0.7829,2.8
-0.6869,2.9
-1.1042,3
-1.1408,3.1
-1.0476,3.2
-0.7226,3.3
-0.5454,3.4
-0.7471,3.5
-0.9602,3.6
-0.8033,3.7
-1.2353,3.8
-0.6947,3.9
-0.6203,4
-0.8365,4.1
-0.627,4.2
-0.6778,4.3
-0.5184,4.4
-0.5021,4.5
-0.4304,4.6
-0.5537,4.7
-0.6164,4.8
-0.6701,4.9
-0.5352,5
-1.5805,0.1
-1.8029,0.2
-2.4008,0.3
-1.314,0.4
-1.6155,0.5
-1.2082,0.6
-1.2946,0.7
-1.5695,0.8
-1.1627,0.9
-0.8933,1
-0.6974,1.1
-1.1511,1.2
-1.0482,1.3
-0.8116,1.4
-1.0463,1.5
-1.6444,1.6
-0.9439,1.7
-0.8018,1.8
-0.6639,1.9
-1.3578,2
-1.0839,2.1
-0.6111,2.2
-0.669,2.3
-0.5322,2.4
-0.6216,2.5
-0.5696,2.6
-0.5345,2.7
-0.8481,2.8
-0.693,2.9
-0.6024,3
-0.8055,3.1
-0.4959,3.2
-0.5169,3.3
-0.6262,3.4
-0.6482,3.5
-1.0049,3.6
-0.6322,3.7
-0.6207,3.8
-0.4636,3.9
-0.6303,4
-0.5355,4.1
-0.6467,4.2
-0.6213,4.3
-0.5552,4.4
-0.6791,4.5
-0.6691,4.6
-0.5196,4.7
-0.5406,4.8
-0.4912,4.9
-0.4508,5
-1.6587,0.1
-1.1501,0.2
-1.9315,0.3
-1.2477,0.4
-1.4222,0.5
-0.9724,0.6
-1.4836,0.7
-1.0206,0.8
-0.8855,0.9
-1.2472,1
-1.076,1.1
-1.3776,1.2
-1.3251,1.3
-0.7127,1.4
-0.8346,1.5
-1.2283,1.6
-1.1191,1.7
-0.7172,1.8
-1.5879,1.9
-0.6566,2
-0.5523,2.1
-0.6986,2.2
-0.9801,2.3
-0.8708,2.4
-0.6269,2.5
-1.361,2.6
-0.8509,2.7
-0.5947,2.8
-1.2584,2.9
-0.6924,3
-0.678,3.1
-0.6817,3.2
-0.6324,3.3
-0.5734,3.4
-0.4876,3.5
-0.7695,3.6
-0.5935,3.7
-0.4681,3.8
-1.4188,3.9
-1.1189,4
-1.0462,4.1
-0.9762,4.2
-0.5339,4.3
-0.4838,4.4
-0.5371,4.5
-0.4456,4.6
-0.5936,4.7
-0.7748,4.8
-0.4323,4.9
-1.0116,5
-1.37,0.1
-1.7118,0.2
-1.312,0.3
-2.0072,0.4
-1.3174,0.5
-1.4057,0.6
-1.4111,0.7
-1.135,0.8
-1.0824,0.9
-1.0226,1
-0.9722,1.1
-0.7659,1.2
-0.805,1.3
-1.0768,1.4
-0.7841,1.5
-1.2112,1.6
-1.1192,1.7
-0.7938,1.8
-0.589,1.9
-0.7127,2
-0.5629,2.1
-0.9905,2.2
-0.5811,2.3
-0.6905,2.4
-0.5763,2.5
-0.529,2.6
-0.5908,2.7
-0.5163,2.8
-0.6324,2.9
-0.5609,3
-0.7452,3.1
-0.7227,3.2
-0.6335,3.3
-0.5286,3.4
-0.6692,3.5
-0.5423,3.6
-0.6902,3.7
-0.7432,3.8
-0.5762,3.9
-0.8358,4
-0.9993,4.1
-0.6444,4.2
-0.5967,4.3
-0.9006,4.4
-0.7742,4.5
-0.6349,4.6
-0.7555,4.7
-1.141,4.8
-0.4924,4.9
-0.473,5
-1.4661,0.1
-1.2898,0.2
-1.8397,0.3
-1.662,0.4
-1.3581,0.5
-1.6892,0.6
-1.0334,0.7
-1.0281,0.8
-0.9542,0.9
-0.8277,1
-1.3488,1.1
-0.6164,1.2
-0.8008,1.3
-0.9957,1.4
-0.6027,1.5
-1.132,1.6
-1.2541,1.7
-1.4402,1.8
-0.699,1.9
-0.7884,2
-0.8959,2.1
-1.0916,2.2
-1.2086,2.3
-0.6138,2.4
-1.0415,2.5
-0.7951,2.6
-0.8033,2.7
-0.8951,2.8
-0.5676,2.9
-0.7231,3
-1.0343,3.1
-0.6114,3.2
-0.6522,3.3
-0.8465,3.4
-0.509,3.5
-0.7121,3.6
-1.1487,3.7
-0.7374,3.8
-0.9701,3.9
-0.546,4
-0.5315,4.1
-0.8181,4.2
-1.1627,4.3
-1.2272,4.4
-0.6945,4.5
-1.2776,4.6
-0.414,4.7
-0.6823,4.8
-1.0666,4.9
-0.6482,5
-1.6913,0.1
-1.2342,0.2
-1.547,0.3
-1.661,0.4
-1.2154,0.5
-1.3264,0.6
-1.4742,0.7
-1.0122,0.8
-0.9305,0.9
-0.7531,1
-1.3186,1.1
-0.7344,1.2
-0.4337,1.3
-0.8296,1.4
-0.7001,1.5
-0.8582,1.6
-1.574,1.7
-0.6966,1.8
-0.7565,1.9
-0.5621,2
-0.5209,2.1
-1.2846,2.2
-0.6018,2.3
-1.2271,2.4
-0.6789,2.5
-1.1475,2.6
-0.7223,2.7
-1.2559,2.8
-0.843,2.9
-0.7413,3
-0.5709,3.1
-0.4608,3.2
-0.7395,3.3
-1.0419,3.4
-0.7489,3.5
-1.7616,3.6
-0.549,3.7
-0.4655,3.8
-0.6298,3.9
-0.8363,4
-0.4193,4.1
-1.0394,4.2
-0.5335,4.3
-0.6099,4.4
-0.4566,4.5
-0.8935,4.6
-0.4338,4.7
-0.5199,4.8
-0.92,4.9
-0.6048,5
-0.8566,0.1
-1.6826,0.2
-1.247,0.3
-1.1682,0.4
-1.3588,0.5
-1.0679,0.6
-0.8676,0.7
-1.1964,0.8
-1.2378,0.9
-1.3875,1
-1.0206,1.1
-0.8772,1.2
-1.099,1.3
-0.6371,1.4
-0.5858,1.5
-0.9351,1.6
-0.8234,1.7
-0.511,1.8
-0.5952,1.9
-0.738,2
-0.4022,2.1
-1.2372,2.2
-1.0231,2.3
-0.3714,2.4
-0.6605,2.5
-0.936,2.6
-1.033,2.7
-1.1709,2.8
-0.6336,2.9
-0.4267,3
-0.6195,3.1
-0.6716,3.2
-0.6288,3.3
-1.1308,3.4
-0.5836,3.5
-1.0848,3.6
-0.501,3.7
-0.5685,3.8
-0.6572,3.9
-0.6554,4
-0.716,4.1
-0.6348,4.2
-0.6973,4.3
-0.6606,4.4
-0.5964,4.5
-0.6211,4.6
-0.5397,4.7
-0.5451,4.8
-0.847,4.9
-0.6302,5
-1.1622,0.1
-1.9019,0.2
-2.1173,0.3
-1.5344,0.4
-1.1381,0.5
-1.5533,0.6
-1.2203,0.7
-1.3029,0.8
-1.1416,0.9
-0.9249,1
-0.8455,1.1
-0.8811,1.2
-0.7761,1.3
-0.9346,1.4
-0.8702,1.5
-0.919,1.6
-0.5631,1.7
-0.856,1.8
-1.3107,1.9
-0.9434,2
-0.8033,2.1
-0.747,2.2
-0.6423,2.3
-0.6062,2.4
-0.7061,2.5
-0.5879,2.6
-0.6948,2.7
-0.5872,2.8
-0.5534,2.9
-0.9403,3
-0.7822,3.1
-0.6742,3.2
-0.8496,3.3
-0.6533,3.4
-0.4321,3.5
-0.9783,3.6
-1.2046,3.7
-0.8374,3.8
-0.5712,3.9
-1.1393,4
-1.0172,4.1
-0.4457,4.2
-0.7032,4.3
-0.6049,4.4
-0.5171,4.5
-0.7641,4.6
-0.6096,4.7
-0.505,4.8
-0.5134,4.9
-0.4545,5
-1.6998,0.1
-1.9065,0.2
-1.2914,0.3
-1.4684,0.4
-1.5761,0.5
-1.2272,0.6
-1.2329,0.7
-1.1948,0.8
-1.3423,0.9
-1.4051,1
-0.7333,1.1
-1.158,1.2
-0.771,1.3
-0.7017,1.4
-1.0373,1.5
-0.6539,1.6
-1.1742,1.7
-0.8731,1.8
-1.5256,1.9
-0.8174,2
-0.8608,2.1
-0.62,2.2
-0.6597,2.3
-0.5634,2.4
-1.0148,2.5
-0.6588,2.6
-1.4332,2.7
-0.57,2.8
-0.5499,2.9
-1.2764,3
-0.9895,3.1
-0.652,3.2
-0.7072,3.3
-0.5802,3.4
-0.6014,3.5
-0.483,3.6
-0.6507,3.7
-0.9615,3.8
-0.4046,3.9
-0.7072,4
-0.4884,4.1
-0.5237,4.2
-0.537,4.3
-0.9281,4.4
-0.84,4.5
-0.6997,4.6
-0.6192,4.7
-0.9253,4.8
-0.8544,4.9
-0.7543,5
-1.9799,0.1
-1.4378,0.2
-1.5883,0.3
-1.6315,0.4
-1.2895,0.5
-1.0303,0.6
-1.0621,0.7
-1.0208,0.8
-1.1597,0.9
-1.209,1
-1.1374,1.1
-0.9578,1.2
-1.0493,1.3
-1.0044,1.4
-0.6421,1.5
-0.74,1.6
-0.7893,1.7
-0.6996,1.8
-1.2293,1.9
-0.7329,2
-0.8367,2.1
-0.9148,2.2
-0.9669,2.3
-0.5657,2.4
-0.9776,2.5
-0.7758,2.6
-0.4876,2.7
-1.1264,2.8
-0.4501,2.9
-0.9454,3
-0.9405,3.1
-0.6291,3.2
-0.727,3.3
-0.7883,3.4
-0.6122,3.5
-0.5819,3.6
-0.6866,3.7
-0.6293,3.8
-0.5861,3.9
-0.5344,4
-0.4358,4.1
-0.4512,4.2
-1.7768,4.3
-0.5236,4.4
-0.5136,4.5
-0.4084,4.6
-0.5646,4.7
-0.6716,4.8
-0.5532,4.9
-0.6867,5
-1.2998,0.1
-2.1578,0.2
-1.9274,0.3
-1.6223,0.4
-1.3428,0.5
-1.4472,0.6
-1.0877,0.7
-1.0002,0.8
-0.9439,0.9
-0.9724,1
-1.1374,1.1
-1.1421,1.2
-0.7407,1.3
-1.0404,1.4
-0.8235,1.5
-0.9369,1.6
-0.4851,1.7
-1.3702,1.8
-0.7319,1.9
-1.0935,2
-0.3738,2.1
-0.3411,2.2
-0.993,2.3
-0.7914,2.4
-0.7364,2.5
-0.6478,2.6
-0.6673,2.7
-0.7057,2.8
-1.2073,2.9
-0.9431,3
-0.6091,3.1
-0.5284,3.2
-0.7789,3.3
-0.983,3.4
-0.6833,3.5
-0.6791,3.6
-1.031,3.7
-0.6591,3.8
-1.0711,3.9
-0.5608,4
-0.4612,4.1
-1.2138,4.2
-1.1367,4.3
-0.7403,4.4
-0.7247,4.5
-0.9176,4.6
-0.5746,4.7
-0.5883,4.8
-0.6156,4.9
-0.701,5
-1.6394,0.1
-1.7481,0.2
-1.1472,0.3
-1.4387,0.4
-2.3002,0.5
-1.1455,0.6
-0.8231,0.7
-0.8968,0.8
-0.8583,0.9
-1.8689,1
-0.7555,1.1
-0.7237,1.2
-1.0778,1.3
-0.4817,1.4
-1.5077,1.5
-0.9523,1.6
-0.8326,1.7
-0.7995,1.8
-0.7204,1.9
-0.5725,2
-0.5108,2.1
-0.6856,2.2
-0.7141,2.3
-1.0066,2.4
-0.7039,2.5
-1.0605,2.6
-0.9937,2.7
-0.852,2.8
-0.5222,2.9
-0.6199,3
-0.7086,3.1
-0.8295,3.2
-1.1475,3.3
-1.1846,3.4
-0.4759,3.5
-0.4593,3.6
-0.5087,3.7
-0.2747,3.8
-0.5385,3.9
-0.5912,4
-0.6855,4.1
-0.6642,4.2
-0.6625,4.3
-0.6844,4.4
-0.6092,4.5
-0.8983,4.6
-0.5279,4.7
-0.4197,4.8
-0.6301,4.9
-0.4571,5
-1.866,0.1
-1.3068,0.2
-2.7185,0.3
-1.7451,0.4
-1.7486,0.5
-1.2678,0.6
-1.6453,0.7
-0.8722,0.8
-1.2393,0.9
-1.1151,1
-0.9404,1.1
-0.8097,1.2
-0.9092,1.3
-0.8253,1.4
-1.2439,1.5
-0.8977,1.6
-0.7616,1.7
-1.0544,1.8
-0.7466,1.9
-1.3361,2
-0.6742,2.1
-0.9293,2.2
-0.8035,2.3
-0.6574,2.4
-0.6366,2.5
-0.4604,2.6
-0.3868,2.7
-0.747,2.8
-1.0759,2.9
-0.9454,3
-1.5835,3.1
-0.7549,3.2
-1.673,3.3
-0.4829,3.4
-0.8315,3.5
-0.5698,3.6
-0.7782,3.7
-1.3028,3.8
-0.587,3.9
-0.6195,4
-0.8372,4.1
-0.791,4.2
-0.4287,4.3
-0.7104,4.4
-0.5344,4.5
-0.6931,4.6
-0.5236,4.7
-0.5847,4.8
-0.5515,4.9
-1.4131,5
-1.2298,0.1
-1.8766,0.2
-1.3323,0.3
-1.731,0.4
-2.1306,0.5
-1.2352,0.6
-1.2847,0.7
-1.099,0.8
-0.8655,0.9
-0.7508,1
-1.134,1.1
-1.1117,1.2
-0.8381,1.3
-0.7363,1.4
-0.8612,1.5
-1.1574,1.6
-0.989,1.7
-0.8856,1.8
-0.8636,1.9
-0.7076,2
-0.712,2.1
-0.5574,2.2
-0.737,2.3
-0.491,2.4
-1.1632,2.5
-0.5203,2.6
-0.7949,2.7
-0.6232,2.8
-0.7189,2.9
-0.8354,3
-0.7863,3.1
-0.5428,3.2
-0.612,3.3
-0.939,3.4
-0.671,3.5
-0.8634,3.6
-0.5272,3.7
-0.7077,3.8
-0.6181,3.9
-0.6562,4
-0.676,4.1
-0.6528,4.2
-0.6633,4.3
-0.9032,4.4
-0.9468,4.5
-0.632,4.6
-0.6357,4.7
-0.6628,4.8
-0.6467,4.9
-1.5386,5
-2.262,0.1
-1.9582,0.2
-1.5312,0.3
-1.0986,0.4
-1.7492,0.5
-1.401,0.6
-0.9284,0.7
-0.9111,0.8
-0.9109,0.9
-1.1012,1
-0.911,1.1
-0.911,1.2
-1.1662,1.3
-1.5789,1.4
-0.6476,1.5
-0.9341,1.6
-0.5821,1.7
-1.3319,1.8
-0.8843,1.9
-0.7636,2
-0.5972,2.1
-1.1082,2.2
-1.0157,2.3
-0.8224,2.4
-0.7096,2.5
-0.6502,2.6
-0.8277,2.7
-1.134,2.8
-0.8607,2.9
-0.9122,3
-0.6092,3.1
-0.6468,3.2
-1.0117,3.3
-0.5605,3.4
-0.3982,3.5
-0.4921,3.6
-0.4708,3.7
-0.5237,3.8
-0.4651,3.9
-0.4859,4
-0.5098,4.1
-0.5043,4.2
-0.5402,4.3
-0.5141,4.4
-0.5129,4.5
-0.6887,4.6
-0.6102,4.7
-0.6771,4.8
-0.8148,4.9
-0.4929,5
-1.3535,0.1
-1.8688,0.2
-1.7664,0.3
-1.7984,0.4
-1.748,0.5
-1.3347,0.6
-1.2461,0.7
-1.5301,0.8
-0.8359,0.9
-1.391,1
-0.8556,1.1
-1.1449,1.2
-1.109,1.3
-0.9348,1.4
-1.0645,1.5
-0.6712,1.6
-0.5522,1.7
-1.3804,1.8
-0.9159,1.9
-0.8582,2
-0.9999,2.1
-1.2115,2.2
-0.5899,2.3
-0.6567,2.4
-0.7074,2.5
-0.6941,2.6
-0.9864,2.7
-0.5717,2.8
-0.8711,2.9
-0.7641,3
-1.342,3.1
-0.3721,3.2
-0.6305,3.3
-0.9331,3.4
-0.5328,3.5
-1.4417,3.6
-0.7066,3.7
-0.5712,3.8
-0.5477,3.9
-0.5604,4
-0.4552,4.1
-0.6173,4.2
-0.415,4.3
-0.6706,4.4
-0.4678,4.5
-0.5125,4.6
-0.5409,4.7
-0.5526,4.8
-0.6859,4.9
-0.5952,5
-1.5009,0.1
-1.3318,0.2
-1.4832,0.3
-2.0866,0.4
-1.1248,0.5
-1.3561,0.6
-1.238,0.7
-1.7758,0.8
-0.9355,0.9
-1.2067,1
-1.5823,1.1
-0.8052,1.2
-0.6255,1.3
-0.7513,1.4
-1.1642,1.5
-0.8675,1.6
-0.8394,1.7
-0.7137,1.8
-0.5898,1.9
-0.9882,2
-1.1628,2.1
-0.5724,2.2
-0.6094,2.3
-0.7159,2.4
-0.5753,2.5
-0.6319,2.6
-1.0107,2.7
-0.7056,2.8
-0.4655,2.9
-0.6651,3
-1.1739,3.1
-0.6534,3.2
-0.7664,3.3
-0.6692,3.4
-0.6124,3.5
-0.7016,3.6
-1.4668,3.7
-0.6993,3.8
-0.4081,3.9
-0.4189,4
-0.4624,4.1
-1.0927,4.2
-0.6261,4.3
-0.9071,4.4
-0.5643,4.5
-0.5677,4.6
-0.5164,4.7
-0.4977,4.8
-0.6686,4.9
-0.5637,5
-2.2978,0.1
-1.9176,0.2
-1.8936,0.3
-1.4457,0.4
-1.5981,0.5
-1.0509,0.6
-1.5502,0.7
-0.8215,0.8
-2.0178,0.9
-1.3447,1
-0.9511,1.1
-1.7377,1.2
-0.4629,1.3
-0.834,1.4
-0.8431,1.5
-0.8533,1.6
-0.5385,1.7
-1.236,1.8
-0.4615,1.9
-1.029,2
-0.7243,2.1
-0.816,2.2
-0.8537,2.3
-0.3516,2.4
-0.2573,2.5
-0.8147,2.6
-0.5385,2.7
-0.6032,2.8
-0.7701,2.9
-0.7188,3
-0.7252,3.1
-0.4611,3.2
-0.7612,3.3
-0.5564,3.4
-0.5491,3.5
-0.8595,3.6
-1.0101,3.7
-0.9334,3.8
-0.8679,3.9
-0.6119,4
-0.6842,4.1
-0.4945,4.2
-0.9613,4.3
-1.1885,4.4
-0.6804,4.5
-0.6009,4.6
-0.584,4.7
-0.5538,4.8
-0.3901,4.9
-0.9415,5
-1.3112,0.1
-1.7872,0.2
-1.4288,0.3
-1.5288,0.4
-1.1655,0.5
-1.5944,0.6
-1.3444,0.7
-0.975,0.8
-0.9175,0.9
-0.6644,1
-1.1049,1.1
-0.9687,1.2
-1.1458,1.3
-0.6873,1.4
-0.6176,1.5
-1.3417,1.6
-0.6519,1.7
-0.5103,1.8
-0.497,1.9
-1.0129,2
-0.906,2.1
-0.9203,2.2
-0.8005,2.3
-0.7362,2.4
-0.6073,2.5
-0.8269,2.6
-0.6489,2.7
-0.8791,2.8
-0.6565,2.9
-0.7472,3
-0.4721,3.1
-0.5972,3.2
-0.887,3.3
-0.6317,3.4
-0.4915,3.5
-0.6416,3.6
-1.1183,3.7
-0.7547,3.8
-0.7323,3.9
-0.7875,4
-0.7169,4.1
-0.6267,4.2
-1.1611,4.3
-0.6482,4.4
-1.2528,4.5
-0.7933,4.6
-0.5196,4.7
-0.8074,4.8
-0.4779,4.9
-0.8834,5
-1.4634,0.1
-1.6668,0.2
-1.5233,0.3
-1.8182,0.4
-1.6546,0.5
-1.499,0.6
-1.1903,0.7
-0.9298,0.8
-0.8892,0.9
-0.9176,1
-1.3391,1.1
-0.8154,1.2
-0.6093,1.3
-0.8795,1.4
-0.908,1.5
-0.9794,1.6
-0.7754,1.7
-1.1815,1.8
-1.0471,1.9
-0.7182,2
-0.7663,2.1
-0.9605,2.2
-0.6433,2.3
-0.5186,2.4
-0.6931,2.5
-0.8589,2.6
-0.8468,2.7
-0.5238,2.8
-0.5558,2.9
-0.7648,3
-0.6354,3.1
-0.5837,3.2
-0.4944,3.3
-0.5099,3.4
-0.7075,3.5
-0.8707,3.6
-0.6931,3.7
-0.5568,3.8
-0.5618,3.9
-0.5706,4
-0.7524,4.1
-0.8189,4.2
-0.7175,4.3
-0.5155,4.4
-0.5146,4.5
-0.7365,4.6
-0.7842,4.7
-0.5898,4.8
-0.4399,4.9
-0.651,5
-1.5007,0.1
-1.4142,0.2
-1.7726,0.3
-2.1308,0.4
-1.2269,0.5
-1.3386,0.6
-1.9833,0.7
-1.2565,0.8
-0.6953,0.9
-0.9886,1
-0.9343,1.1
-1.1189,1.2
-0.4895,1.3
-0.8344,1.4
-0.7146,1.5
-1.3339,1.6
-0.9977,1.7
-0.9814,1.8
-0.8041,1.9
-0.8957,2
-0.7905,2.1
-1.4139,2.2
-0.9188,2.3
-0.5606,2.4
-0.828,2.5
-0.7153,2.6
-1.1831,2.7
-0.5834,2.8
-1.2669,2.9
-0.5943,3
-0.691,3.1
-0.8903,3.2
-0.9474,3.3
-0.8746,3.4
-0.3759,3.5
-0.7933,3.6
-0.6677,3.7
-0.5606,3.8
-0.483,3.9
-0.6217,4
-0.4738,4.1
-0.5853,4.2
-0.3791,4.3
-0.7076,4.4
-0.5422,4.5
-0.45,4.6
-0.5622,4.7
-0.5973,4.8
-1.0232,4.9
-0.8244,5
-1.637,0.1
-1.4265,0.2
-1.5728,0.3
-1.4367,0.4
-1.4391,0.5
-1.2541,0.6
-1.3165,0.7
-0.971,0.8
-1.4855,0.9
-1.709,1
-1.0326,1.1
-0.7259,1.2
-0.8526,1.3
-1.3838,1.4
-0.8101,1.5
-0.6051,1.6
-0.7022,1.7
-0.4486,1.8
-1.069,1.9
-0.7645,2
-0.7121,2.1
-1.0318,2.2
-0.9919,2.3
-0.6783,2.4
-0.7222,2.5
-0.5408,2.6
-0.6569,2.7
-0.8489,2.8
-0.5733,2.9
-1.3953,3
-0.7114,3.1
-0.7518,3.2
-0.6568,3.3
-0.8471,3.4
-0.6161,3.5
-0.9186,3.6
-0.9774,3.7
-0.7599,3.8
-0.9843,3.9
-0.6481,4
-0.6061,4.1
-0.7269,4.2
-0.6615,4.3
-0.5483,4.4
-0.7957,4.5
-0.8624,4.6
-0.5463,4.7
-0.3989,4.8
-0.6631,4.9
-0.6807,5
-0.9045,0.1
-2.0679,0.2
-1.7719,0.3
-1.9135,0.4
-1.3279,0.5
-1.3291,0.6
-1.1932,0.7
-1.3002,0.8
-1.1651,0.9
-1.5763,1
-0.9986,1.1
-0.6567,1.2
-0.6783,1.3
-1.1942,1.4
-0.6981,1.5
-1.2364,1.6
-1.3055,1.7
-0.939,1.8
-1.2666,1.9
-0.734,2
-0.8641,2.1
-0.5079,2.2
-0.7257,2.3
-1.0922,2.4
-0.5282,2.5
-1.0824,2.6
-0.9645,2.7
-0.9109,2.8
-0.6354,2.9
-0.8327,3
-0.4792,3.1
-0.5129,3.2
-0.5882,3.3
-0.4952,3.4
-0.6735,3.5
-0.6961,3.6
-0.4741,3.7
-0.8605,3.8
-0.5002,3.9
-0.5451,4
-0.6656,4.1
-0.6914,4.2
-1.3915,4.3
-0.568,4.4
-0.4761,4.5
-0.5126,4.6
-0.7543,4.7
-0.4667,4.8
-1.2493,4.9
-0.5653,5
-1.717,0.1
-1.2775,0.2
-1.5032,0.3
-1.6199,0.4
-1.8741,0.5
-1.6601,0.6
-1.3367,0.7
-1.2692,0.8
-0.9551,0.9
-0.5553,1
-1.0478,1.1
-1.2534,1.2
-1.2926,1.3
-1.4999,1.4
-0.7446,1.5
-1.4762,1.6
-1.1067,1.7
-0.9512,1.8
-0.5071,1.9
-0.627,2
-0.7207,2.1
-1.0454,2.2
-0.6458,2.3
-0.6742,2.4
-1.0965,2.5
-0.8589,2.6
-0.3643,2.7
-0.8177,2.8
-0.6856,2.9
-0.6624,3
-0.7454,3.1
-0.4865,3.2
-0.793,3.3
-0.6617,3.4
-0.4894,3.5
-0.4764,3.6
-0.696,3.7
-0.66,3.8
-0.5496,3.9
-1.3675,4
-0.7009,4.1
-0.604,4.2
-0.6176,4.3
-0.6002,4.4
-0.8981,4.5
-0.4494,4.6
-0.4821,4.7
-0.5458,4.8
-0.6603,4.9
-1.0542,5
-1.8096,0.1
-1.6978,0.2
-1.9403,0.3
-2.2858,0.4
-1.476,0.5
-1.7372,0.6
-0.9136,0.7
-0.7969,0.8
-1.0067,0.9
-0.6676,1
-0.5704,1.1
-1.1312,1.2
-1.1292,1.3
-0.7929,1.4
-0.5842,1.5
-1.0805,1.6
-1.6221,1.7
-0.6789,1.8
-0.697,1.9
-0.4395,2
-0.7762,2.1
-0.7766,2.2
-0.7723,2.3
-0.5832,2.4
-1.1802,2.5
-0.8194,2.6
-0.7272,2.7
-0.4708,2.8
-0.6598,2.9
-0.5631,3
-1.1926,3.1
-0.3759,3.2
-0.4325,3.3
-1.321,3.4
-0.9372,3.5
-0.7747,3.6
-0.914,3.7
-0.5789,3.8
-0.538,3.9
-0.7407,4
-0.6472,4.1
-0.6327,4.2
-0.54,4.3
-0.6434,4.4
-0.8363,4.5
-0.5907,4.6
-0.9511,4.7
-0.6932,4.8
-0.8288,4.9
-0.4663,5
-2.068,0.1
-1.3811,0.2
-1.4842,0.3
-1.7344,0.4
-1.2407,0.5
-1.4154,0.6
-1.2431,0.7
-1.132,0.8
-1.0785,0.9
-0.7339,1
-1.5766,1.1
-1.3276,1.2
-0.6568,1.3
-0.8815,1.4
-0.8806,1.5
-0.5802,1.6
-0.8,1.7
-0.4925,1.8
-0.5174,1.9
-0.4821,2
-0.6178,2.1
-0.7819,2.2
-0.8647,2.3
-0.8444,2.4
-0.7207,2.5
-0.9772,2.6
-0.9726,2.7
-0.6071,2.8
-0.519,2.9
-0.6758,3
-0.8046,3.1
-0.3708,3.2
-0.6442,3.3
-0.6475,3.4
-1.1379,3.5
-0.8686,3.6
-0.5508,3.7
-0.5711,3.8
-0.4448,3.9
-0.9941,4
-0.647,4.1
-0.6284,4.2
-0.5817,4.3
-0.8884,4.4
-0.7312,4.5
-0.5105,4.6
-0.5441,4.7
-0.5465,4.8
-0.6327,4.9
-0.4424,5
-1.9179,0.1
-1.7143,0.2
-1.991,0.3
-1.6383,0.4
-1.3531,0.5
-1.4361,0.6
-1.1982,0.7
-1.0052,0.8
-0.9866,0.9
-1.1692,1
-0.9661,1.1
-0.8425,1.2
-0.6811,1.3
-0.6336,1.4
-0.8855,1.5
-0.7345,1.6
-0.6586,1.7
-0.7344,1.8
-0.5396,1.9
-0.6938,2
-0.9263,2.1
-0.5921,2.2
-1.108,2.3
-0.9756,2.4
-0.8807,2.5
-0.7511,2.6
-0.8664,2.7
-0.58,2.8
-0.7586,2.9
-0.6847,3
-0.7255,3.1
-0.5668,3.2
-0.6138,3.3
-0.6076,3.4
-0.6251,3.5
-0.842,3.6
-0.5072,3.7
-0.6287,3.8
-0.4387,3.9
-1.6473,4
-1.1421,4.1
-1.2369,4.2
-0.5065,4.3
-0.7039,4.4
-0.6763,4.5
-0.5359,4.6
-1.0301,4.7
-0.5029,4.8
-0.6057,4.9
-0.6835,5
-1.6522,0.1
-1.9265,0.2
-1.726,0.3
-1.1386,0.4
-1.5377,0.5
-1.352,0.6
-1.4268,0.7
-1.106,0.8
-0.7775,0.9
-0.8255,1
-0.982,1.1
-0.6542,1.2
-0.7682,1.3
-0.8603,1.4
-0.9506,1.5
-0.9953,1.6
-1.0208,1.7
-0.699,1.8
-1.0236,1.9
-1.3729,2
-0.8841,2.1
-0.8732,2.2
-0.9315,2.3
-0.8622,2.4
-1.0796,2.5
-1.4232,2.6
-0.6073,2.7
-0.6186,2.8
-0.9283,2.9
-0.7809,3
-0.9594,3.1
-0.9793,3.2
-0.9966,3.3
-0.7961,3.4
-0.6135,3.5
-0.4317,3.6
-0.4934,3.7
-0.8543,3.8
-0.5889,3.9
-1.0476,4
-0.5809,4.1
-0.6401,4.2
-0.8467,4.3
-0.5679,4.4
-0.8117,4.5
-0.9463,4.6
-0.6683,4.7
-0.4975,4.8
-0.6477,4.9
-0.8364,5
-1.6125,0.1
-2.027,0.2
-1.9341,0.3
-1.8344,0.4
-1.9292,0.5
-1.1588,0.6
-1.3508,0.7
-1.3111,0.8
-0.8652,0.9
-0.9406,1
-0.8106,1.1
-0.6839,1.2
-0.8026,1.3
-1.2544,1.4
-1.2468,1.5
-1.9446,1.6
-0.5505,1.7
-0.537,1.8
-0.781,1.9
-0.4587,2
-0.9055,2.1
-0.9844,2.2
-0.6959,2.3
-1.099,2.4
-0.8575,2.5
-0.775,2.6
-1.1277,2.7
-0.8798,2.8
-0.4913,2.9
-0.7317,3
-0.6051,3.1
-0.8359,3.2
-0.7899,3.3
-0.3974,3.4
-0.966,3.5
-0.6079,3.6
-0.7978,3.7
-0.8113,3.8
-0.7467,3.9
-0.2189,4
-0.5621,4.1
-0.5878,4.2
-0.5027,4.3
-1.031,4.4
-0.7701,4.5
-0.7742,4.6
-0.5836,4.7
-0.9449,4.8
-0.9058,4.9
-0.557,5
-0.8648,0.1
-1.1379,0.2
-1.6472,0.3
-2.0394,0.4
-1.7704,0.5
-1.2855,0.6
-1.2467,0.7
-1.1606,0.8
-1.1475,0.9
-1.0445,1
-0.9898,1.1
-0.998,1.2
-0.8248,1.3
-0.9904,1.4
-0.7636,1.5
-1.1674,1.6
-1.0044,1.7
-0.5507,1.8
-0.805,1.9
-0.7416,2
-0.4362,2.1
-0.7864,2.2
-0.5543,2.3
-0.675,2.4
-0.5983,2.5
-0.5676,2.6
-0.5961,2.7
-0.7714,2.8
-0.7185,2.9
-0.8147,3
-0.6157,3.1
-1.7273,3.2
-1.1179,3.3
-1.2564,3.4
-0.5196,3.5
-0.7865,3.6
-0.5635,3.7
-0.6273,3.8
-0.604,3.9
-0.474,4
-0.8842,4.1
-0.7088,4.2
-0.5481,4.3
-0.6756,4.4
-0.4449,4.5
-0.6221,4.6
-0.8286,4.7
-0.8229,4.8
-0.507,4.9
-0.5044,5
-1.8963,0.1
-1.8231,0.2
-1.5861,0.3
-1.3093,0.4
-1.5788,0.5
-1.2482,0.6
-0.7213,0.7
-1.1357,0.8
-1.3118,0.9
-0.9063,1
-1.0136,1.1
-0.7976,1.2
-0.5778,1.3
-0.8256,1.4
-1.0346,1.5
-0.7648,1.6
-0.861,1.7
-1.3586,1.8
-0.6885,1.9
-0.8876,2
-1.0251,2.1
-0.8868,2.2
-0.6872,2.3
-0.9359,2.4
-0.871,2.5
-0.5736,2.6
-0.4765,2.7
-0.6304,2.8
-1.4567,2.9
-0.8732,3
-0.9969,3.1
-0.5571,3.2
-0.6766,3.3
-0.6209,3.4
-0.8506,3.5
-0.5246,3.6
-0.6691,3.7
-0.9884,3.8
-0.6301,3.9
-0.6267,4
-0.7643,4.1
-0.5135,4.2
-0.6824,4.3
-0.7296,4.4
-0.6926,4.5
-0.7992,4.6
-0.623,4.7
-0.5228,4.8
-0.8356,4.9
-0.8534,5
-1.8523,0.1
-1.625,0.2
-1.6235,0.3
-1.2606,0.4
-1.4778,0.5
-1.1451,0.6
-1.0521,0.7
-1.2301,0.8
-0.8347,0.9
-1.007,1
-0.8236,1.1
-1.003,1.2
-0.5385,1.3
-0.598,1.4
-0.8862,1.5
-0.8148,1.6
-0.7767,1.7
-0.9321,1.8
-0.8342,1.9
-0.8799,2
-1.2976,2.1
-0.672,2.2
-1.0716,2.3
-0.9655,2.4
-0.6046,2.5
-0.626,2.6
-0.7873,2.7
-0.6403,2.8
-0.5073,2.9
-0.5999,3
-0.7085,3.1
-1.1149,3.2
-0.8153,3.3
-0.4926,3.4
-0.6223,3.5
-0.6291,3.6
-0.9808,3.7
-0.8075,3.8
-0.2795,3.9
-0.7676,4
-0.7101,4.1
-0.9041,4.2
-0.7701,4.3
-0.6756,4.4
-0.5627,4.5
-1.3515,4.6
-0.5446,4.7
-0.6361,4.8
-0.5983,4.9
-0.4185,5
-1.8467,0.1
-1.6022,0.2
-1.7852,0.3
-1.1921,0.4
-1.3736,0.5
-1.0908,0.6
-1.6062,0.7
-0.9649,0.8
-0.962,0.9
-1.0578,1
-0.9578,1.1
-1.0147,1.2
-1.2743,1.3
-0.972,1.4
-0.8258,1.5
-0.5824,1.6
-0.7771,1.7
-0.7939,1.8
-0.9075,1.9
-0.723,2
-0.8182,2.1
-0.6,2.2
-1.0022,2.3
-1.0906,2.4
-1.1346,2.5
-0.9485,2.6
-0.7538,2.7
-0.5669,2.8
-0.8391,2.9
-0.7947,3
-1.4171,3.1
-0.898,3.2
-1.3335,3.3
-1.1686,3.4
-0.5422,3.5
-0.543,3.6
-0.7403,3.7
-0.6231,3.8
-0.8369,3.9
-0.6087,4
-0.5867,4.1
-0.59,4.2
-0.7458,4.3
-0.7303,4.4
-0.8289,4.5
-0.6713,4.6
-0.4728,4.7
-0.7498,4.8
-0.7592,4.9
-0.4772,5
-1.6098,0.1
-2.0858,0.2
-1.3037,0.3
-1.373,0.4
-1.4583,0.5
-1.2975,0.6
-0.8506,0.7
-0.9567,0.8
-1.3281,0.9
-0.7384,1
-0.6101,1.1
-0.9455,1.2
-0.8206,1.3
-1.0448,1.4
-0.8003,1.5
-0.664,1.6
-0.4379,1.7
-0.7805,1.8
-0.4931,1.9
-1.0282,2
-0.6093,2.1
-0.5932,2.2
-0.5728,2.3
-1.3723,2.4
-0.878,2.5
-0.466,2.6
-0.5502,2.7
-0.6454,2.8
-0.7057,2.9
-1.0007,3
-0.6777,3.1
-0.5139,3.2
-0.8097,3.3
-0.4462,3.4
-0.6261,3.5
-0.6916,3.6
-0.5522,3.7
-1.2593,3.8
-1.1798,3.9
-0.6618,4
-0.757,4.1
-0.4521,4.2
-0.8079,4.3
-0.5046,4.4
-0.6396,4.5
-0.5294,4.6
-0.4438,4.7
-0.8591,4.8
-0.5039,4.9
-0.6626,5
-1.9853,0.1
-1.4322,0.2
-1.6777,0.3
-1.6443,0.4
-1.2777,0.5
-1.6471,0.6
-0.9448,0.7
-1.0523,0.8
-0.9461,0.9
-1.0556,1
-0.8059,1.1
-1.5216,1.2
-1.1519,1.3
-0.6834,1.4
-0.8353,1.5
-0.7885,1.6
-0.9643,1.7
-1.3706,1.8
-0.8879,1.9
-0.6864,2
-0.7347,2.1
-0.9185,2.2
-0.609,2.3
-1.5075,2.4
-0.5095,2.5
-1.063,2.6
-1.0335,2.7
-0.6899,2.8
-0.8165,2.9
-0.7357,3
-0.9779,3.1
-0.8611,3.2
-0.6506,3.3
-0.6442,3.4
-0.5076,3.5
-0.7205,3.6
-0.866,3.7
-0.6162,3.8
-0.5453,3.9
-0.78,4
-0.7378,4.1
-0.6535,4.2
-0.7179,4.3
-0.6425,4.4
-0.629,4.5
-0.613,4.6
-0.6958,4.7
-0.6261,4.8
-0.6293,4.9
-0.5381,5
-1.6436,0.1
-1.7784,0.2
-1.8947,0.3
-0.8708,0.4
-1.9419,0.5
-1.4444,0.6
-1.5783,0.7
-1.386,0.8
-1.2705,0.9
-1.7886,1
-0.9451,1.1
-1.4869,1.2
-0.6883,1.3
-0.4333,1.4
-1.573,1.5
-1.0207,1.6
-0.8708,1.7
-0.5832,1.8
-0.6037,1.9
-0.5095,2
-0.6883,2.1
-0.6149,2.2
-0.7853,2.3
-0.7861,2.4
-0.757,2.5
-0.6516,2.6
-0.6594,2.7
-0.4677,2.8
-1.5012,2.9
-0.4941,3
-0.6928,3.1
-0.7146,3.2
-0.6585,3.3
-0.6596,3.4
-0.4476,3.5
-0.6831,3.6
-0.5912,3.7
-0.4959,3.8
-0.511,3.9
-0.8231,4
-0.3822,4.1
-0.6707,4.2
-0.7015,4.3
-0.4757,4.4
-0.6056,4.5
-0.5703,4.6
-0.442,4.7
-0.5702,4.8
-0.4975,4.9
-0.6741,5
-1.7449,0.1
-1.523,0.2
-1.8426,0.3
-2.1819,0.4
-1.4527,0.5
-1.8411,0.6
-1.1511,0.7
-1.0813,0.8
-1.401,0.9
-1.2815,1
-1.3401,1.1
-1.0977,1.2
-1.0397,1.3
-0.8565,1.4
-1.2403,1.5
-0.5779,1.6
-0.678,1.7
-0.8669,1.8
-0.4944,1.9
-0.8283,2
-1.0475,2.1
-0.9534,2.2
-2.1458,2.3
-0.6841,2.4
-0.7276,2.5
-0.5965,2.6
-0.8895,2.7
-1.1639,2.8
-0.7157,2.9
-0.5176,3
-0.6707,3.1
-0.5691,3.2
-0.6694,3.3
-0.6314,3.4
-0.5301,3.5
-0.4784,3.6
-0.6006,3.7
-1.0508,3.8
-0.9737,3.9
-0.6182,4
-1.0459,4.1
-0.4345,4.2
-0.939,4.3
-1.6266,4.4
-1.3312,4.5
-0.7102,4.6
-0.5329,4.7
-1.2416,4.8
-0.6247,4.9
-0.4926,5
-1.3223,0.1
-1.779,0.2
-1.9353,0.3
-1.4875,0.4
-1.751,0.5
-1.1703,0.6
-1.3572,0.7
-1.0804,0.8
-1.5546,0.9
-1.0043,1
-1.1195,1.1
-1.0462,1.2
-0.8407,1.3
-1.2982,1.4
-1.1862,1.5
-0.8371,1.6
-0.7405,1.7
-0.8028,1.8
-0.8902,1.9
-0.9935,2
-1.1955,2.1
-0.805,2.2
-0.7861,2.3
-0.5084,2.4
-0.5343,2.5
-0.7031,2.6
-0.7218,2.7
-0.739,2.8
-0.565,2.9
-0.602,3
-0.4592,3.1
-0.4909,3.2
-0.9445,3.3
-0.66,3.4
-0.9546,3.5
-0.7347,3.6
-0.6861,3.7
-0.9943,3.8
-1.4384,3.9
-0.5894,4
-0.492,4.1
-0.7218,4.2
-0.6769,4.3
-0.7672,4.4
-0.6897,4.5
-1.0948,4.6
-0.7601,4.7
-1.1007,4.8
-0.8937,4.9
-0.646,5
-1.85,0.1
-1.7483,0.2
-1.5592,0.3
-1.7713,0.4
-1.1987,0.5
-1.2038,0.6
-1.1142,0.7
-1.6156,0.8
-0.7736,0.9
-1.8752,1
-0.791,1.1
-0.9685,1.2
-0.7939,1.3
-0.6947,1.4
-1.4068,1.5
-1.2379,1.6
-0.933,1.7
-0.9379,1.8
-1.1116,1.9
-0.741,2
-0.6581,2.1
-0.6807,2.2
-0.6991,2.3
-1.1479,2.4
-0.7003,2.5
-1.4424,2.6
-1.4424,2.7
-0.8236,2.8
-0.5763,2.9
-0.5674,3
-0.5422,3.1
-0.8371,3.2
-0.5523,3.3
-0.6299,3.4
-0.6762,3.5
-0.6615,3.6
-1.7445,3.7
-0.8048,3.8
-0.5901,3.9
-0.7311,4
-0.6644,4.1
-1.3243,4.2
-0.5684,4.3
-0.375,4.4
-0.5341,4.5
-0.5194,4.6
-1.1653,4.7
-0.6547,4.8
-0.5718,4.9
-1.7899,5
-2.2099,0.1
-1.8233,0.2
-1.7903,0.3
-1.5618,0.4
-1.4355,0.5
-1.286,0.6
-1.1359,0.7
-0.9471,0.8
-1.2393,0.9
-0.5378,1
-1.0853,1.1
-0.6192,1.2
-0.8298,1.3
-1.027,1.4
-0.7001,1.5
-0.7516,1.6
-0.8608,1.7
-0.7507,1.8
-1.1586,1.9
-1.1447,2
-1.0351,2.1
-0.8504,2.2
-0.6944,2.3
-0.8726,2.4
-0.8476,2.5
-0.5639,2.6
-0.6774,2.7
-0.8044,2.8
-0.5724,2.9
-0.8698,3
-0.4231,3.1
-0.6112,3.2
-0.6964,3.3
-0.5668,3.4
-0.6578,3.5
-0.7502,3.6
-0.4962,3.7
-0.4912,3.8
-1.1743,3.9
-0.793,4
-0.7466,4.1
-0.572,4.2
-0.6634,4.3
-0.6145,4.4
-0.5893,4.5
-0.4077,4.6
-0.3872,4.7
-0.479,4.8
-0.5964,4.9
-0.5473,5
-1.5554,0.1
-1.6105,0.2
-1.4727,0.3
-1.12,0.4
-1.2521,0.5
-1.5203,0.6
-1.1187,0.7
-1.5206,0.8
-1.2056,0.9
-0.7813,1
-0.5099,1.1
-0.7625,1.2
-0.7708,1.3
-0.6751,1.4
-0.8977,1.5
-1.0265,1.6
-0.7642,1.7
-0.6278,1.8
-1.2619,1.9
-0.564,2
-1.0973,2.1
-0.7053,2.2
-0.6307,2.3
-0.5391,2.4
-0.7722,2.5
-0.951,2.6
-1.2179,2.7
-0.5137,2.8
-0.9435,2.9
-0.5334,3
-0.5953,3.1
-0.5599,3.2
-0.6041,3.3
-0.4982,3.4
-0.4646,3.5
-0.8517,3.6
-0.8175,3.7
-0.6693,3.8
-0.5829,3.9
-0.5716,4
-1.0939,4.1
-0.7139,4.2
-0.456,4.3
-0.4629,4.4
-0.7247,4.5
-0.7592,4.6
-0.4648,4.7
-0.5212,4.8
-0.7256,4.9
-0.6156,5
-1.0942,0.1
-1.7228,0.2
-1.4305,0.3
-1.3192,0.4
-1.827,0.5
-1.0427,0.6
-0.8953,0.7
-1.1606,0.8
-1.0507,0.9
-1.1686,1
-1.3432,1.1
-1.3268,1.2
-1.0266,1.3
-0.7232,1.4
-0.8343,1.5
-0.5931,1.6
-1.6822,1.7
-0.7521,1.8
-0.6748,1.9
-0.9029,2
-0.5191,2.1
-1.0151,2.2
-0.4987,2.3
-0.4826,2.4
-0.5043,2.5
-0.732,2.6
-0.6159,2.7
-0.5629,2.8
-0.5367,2.9
-0.7588,3
-0.9886,3.1
-0.833,3.2
-0.7015,3.3
-0.6412,3.4
-0.6664,3.5
-0.8977,3.6
-1.1222,3.7
-0.7338,3.8
-0.45,3.9
-0.5457,4
-0.5462,4.1
-0.6153,4.2
-0.5412,4.3
-0.7822,4.4
-0.5966,4.5
-0.7206,4.6
-0.5198,4.7
-0.7054,4.8
-0.6037,4.9
-0.8603,5
-1.499,0.1
-1.2682,0.2
-2.1698,0.3
-1.3603,0.4
-1.3449,0.5
-1.2201,0.6
-1.0907,0.7
-1.1947,0.8
-0.8642,0.9
-0.8798,1
-0.5937,1.1
-1.1116,1.2
-1.7031,1.3
-1.2887,1.4
-0.7338,1.5
-0.3567,1.6
-0.6708,1.7
-0.7888,1.8
-1.8513,1.9
-1.002,2
-1.3221,2.1
-0.707,2.2
-0.562,2.3
-1.158,2.4
-0.743,2.5
-1.0652,2.6
-0.3877,2.7
-0.7775,2.8
-0.9821,2.9
-0.7011,3
-0.8346,3.1
-0.7193,3.2
-0.7954,3.3
-1.4494,3.4
-0.9234,3.5
-0.655,3.6
-0.5397,3.7
-0.5619,3.8
-0.5632,3.9
-0.924,4
-0.5348,4.1
-0.6385,4.2
-0.5573,4.3
-1.0424,4.4
-0.8036,4.5
-0.5779,4.6
-1.102,4.7
-0.8057,4.8
-0.4582,4.9
-0.5654,5
-1.8295,0.1
-1.6961,0.2
-1.7978,0.3
-1.3759,0.4
-1.4034,0.5
-1.0129,0.6
-1.5718,0.7
-1.328,0.8
-1.1408,0.9
-1.4038,1
-1.0851,1.1
-1.0157,1.2
-0.9605,1.3
-0.8608,1.4
-1.2622,1.5
-1.207,1.6
-0.5809,1.7
-0.6287,1.8
-0.7823,1.9
-1.3032,2
-0.6743,2.1
-0.655,2.2
-0.6779,2.3
-1.038,2.4
-0.7,2.5
-0.6844,2.6
-0.7193,2.7
-0.4718,2.8
-0.5688,2.9
-0.8299,3
-0.9718,3.1
-0.6933,3.2
-0.6586,3.3
-0.7842,3.4
-0.6274,3.5
-0.7709,3.6
-0.7542,3.7
-0.8652,3.8
-0.514,3.9
-0.6646,4
-0.6798,4.1
-0.6643,4.2
-0.685,4.3
-0.5534,4.4
-0.5436,4.5
-0.7197,4.6
-0.6356,4.7
-0.8578,4.8
-0.5018,4.9
-0.6229,5
-1.7256,0.1
-2.1701,0.2
-1.6082,0.3
-2.0129,0.4
-1.6111,0.5
-1.4622,0.6
-0.9703,0.7
-1.1611,0.8
-0.9943,0.9
-0.7665,1
-1.1181,1.1
-1.5654,1.2
-0.9264,1.3
-0.7618,1.4
-0.6369,1.5
-0.7882,1.6
-0.5904,1.7
-1.0562,1.8
-0.586,1.9
-0.87,2
-0.805,2.1
-0.7461,2.2
-0.6178,2.3
-1.0738,2.4
-0.6286,2.5
-0.5557,2.6
-0.5787,2.7
-0.587,2.8
-0.4242,2.9
-0.7288,3
-0.7281,3.1
-0.6371,3.2
-0.6292,3.3
-0.6631,3.4
-0.9749,3.5
-1.0966,3.6
-0.6705,3.7
-0.4384,3.8
-0.7234,3.9
-0.8559,4
-0.978,4.1
-1.1753,4.2
-0.5006,4.3
-0.5365,4.4
-0.6023,4.5
-0.5186,4.6
-0.8421,4.7
-0.7368,4.8
-0.4866,4.9
-0.5556,5
-1.2825,0.1
-1.8725,0.2
-1.6635,0.3
-1.7614,0.4
-1.533,0.5
-0.8708,0.6
-1.2903,0.7
-1.0256,0.8
-1.5753,0.9
-0.7423,1
-0.6461,1.1
-0.9251,1.2
-0.9958,1.3
-0.9866,1.4
-0.8068,1.5
-0.719,1.6
-0.6548,1.7
-0.8974,1.8
-0.7459,1.9
-0.8853,2
-1.3157,2.1
-0.529,2.2
-0.5589,2.3
-0.5023,2.4
-0.9072,2.5
-1.112,2.6
-0.4121,2.7
-0.7399,2.8
-0.9132,2.9
-0.8147,3
-0.6287,3.1
-0.5834,3.2
-0.9892,3.3
-0.7569,3.4
-0.9958,3.5
-0.7322,3.6
-0.6906,3.7
-0.5685,3.8
-0.3825,3.9
-0.6005,4
-0.5608,4.1
-0.5672,4.2
-0.9049,4.3
-0.5454,4.4
-0.6569,4.5
-0.6144,4.6
-0.7154,4.7
-0.4727,4.8
-0.8051,4.9
-0.6601,5
-1.3564,0.1
-2.1346,0.2
-1.5691,0.3
-1.3144,0.4
-1.7774,0.5
-1.3507,0.6
-0.8964,0.7
-0.7725,0.8
-1.3904,0.9
-1.3907,1
-0.9641,1.1
-1.1307,1.2
-0.9509,1.3
-0.9098,1.4
-0.7551,1.5
-0.5359,1.6
-0.9561,1.7
-0.7325,1.8
-0.5759,1.9
-0.6383,2
-0.9246,2.1
-0.4078,2.2
-0.4372,2.3
-0.6215,2.4
-0.8797,2.5
-0.959,2.6
-0.5913,2.7
-0.4973,2.8
-0.6328,2.9
-1.0287,3
-0.7551,3.1
-0.7489,3.2
-0.5734,3.3
-0.8002,3.4
-0.9588,3.5
-0.7922,3.6
-0.4998,3.7
-0.6551,3.8
-0.827,3.9
-1.3245,4
-0.6057,4.1
-1.4254,4.2
-0.676,4.3
-0.6506,4.4
-0.4963,4.5
-0.5623,4.6
-0.5314,4.7
-0.4527,4.8
-0.7249,4.9
-0.9595,5
-1.9786,0.1
-1.795,0.2
-1.6065,0.3
-2.011,0.4
-1.1227,0.5
-1.2496,0.6
-1.3943,0.7
-1.0379,0.8
-0.9417,0.9
-1.557,1
-1.1528,1.1
-0.7308,1.2
-0.7706,1.3
-1.0518,1.4
-0.8854,1.5
-0.3281,1.6
-1.0615,1.7
-0.721,1.8
-0.6443,1.9
-0.4583,2
-0.9004,2.1
-0.8953,2.2
-0.9885,2.3
-0.5977,2.4
-0.9635,2.5
-0.6654,2.6
-0.3357,2.7
-0.7305,2.8
-0.731,2.9
-0.5384,3
-0.4882,3.1
-0.7196,3.2
-0.5472,3.3
-0.641,3.4
-0.5469,3.5
-1.3354,3.6
-0.6493,3.7
-0.8415,3.8
-0.7576,3.9
-0.6349,4
-0.6869,4.1
-1.492,4.2
-0.4642,4.3
-0.5714,4.4
-0.4674,4.5
-0.9673,4.6
-0.6139,4.7
-0.3407,4.8
-0.7365,4.9
-0.6139,5
-1.4697,0.1
-2.1136,0.2
-1.4544,0.3
-1.5122,0.4
-1.2503,0.5
-1.4392,0.6
-1.0078,0.7
-0.9881,0.8
-0.8313,0.9
-1.1068,1
-1.1562,1.1
-1.6791,1.2
-0.7014,1.3
-0.9798,1.4
-1.3384,1.5
-1.3785,1.6
-0.6907,1.7
-0.8958,1.8
-0.4095,1.9
-0.6553,2
-0.9123,2.1
-0.9598,2.2
-0.7767,2.3
-0.5172,2.4
-0.9054,2.5
-0.5657,2.6
-0.7775,2.7
-0.5834,2.8
-0.732,2.9
-0.5215,3
-0.6072,3.1
-0.7059,3.2
-0.5815,3.3
-1.6619,3.4
-0.8355,3.5
-0.6973,3.6
-1.1883,3.7
-0.5077,3.8
-0.6844,3.9
-0.7105,4
-0.656,4.1
-0.6712,4.2
-0.59,4.3
-0.4774,4.4
-0.5566,4.5
-0.6992,4.6
-0.5258,4.7
-0.5626,4.8
-0.6211,4.9
-1.0526,5
-1.4601,0.1
-1.6049,0.2
-1.4932,0.3
-1.6892,0.4
-1.606,0.5
-1.2587,0.6
-1.0253,0.7
-0.905,0.8
-0.6876,0.9
-1.0673,1
-0.8561,1.1
-0.8109,1.2
-0.6046,1.3
-0.7988,1.4
-1.0939,1.5
-0.7496,1.6
-0.7067,1.7
-0.6444,1.8
-0.8927,1.9
-0.5556,2
-0.5383,2.1
-1.0677,2.2
-0.6891,2.3
-0.5251,2.4
-0.5475,2.5
-1.0392,2.6
-0.4654,2.7
-1.2916,2.8
-1.014,2.9
-1.1065,3
-1.1319,3.1
-0.8057,3.2
-0.7628,3.3
-0.4502,3.4
-0.5872,3.5
-0.6078,3.6
-0.7314,3.7
-0.4807,3.8
-0.9996,3.9
-0.8464,4
-0.8131,4.1
-0.407,4.2
-0.594,4.3
-0.4783,4.4
-0.7597,4.5
-0.5901,4.6
-0.4538,4.7
-0.6009,4.8
-0.9162,4.9
-0.5711,5
-2.4016,0.1
-1.8637,0.2
-1.6145,0.3
-1.2446,0.4
-1.6181,0.5
-1.2384,0.6
-0.8619,0.7
-1.4774,0.8
-1.3453,0.9
-1.3107,1
-0.8555,1.1
-0.9757,1.2
-0.9079,1.3
-0.5853,1.4
-0.6214,1.5
-0.7269,1.6
-0.7462,1.7
-0.9023,1.8
-1.1854,1.9
-0.9011,2
-0.7861,2.1
-0.953,2.2
-0.9791,2.3
-0.8367,2.4
-0.6725,2.5
-1.2347,2.6
-1.2656,2.7
-0.7907,2.8
-0.5393,2.9
-0.8118,3
-0.9323,3.1
-0.9792,3.2
-0.3939,3.3
-1.1211,3.4
-0.8527,3.5
-0.8239,3.6
-0.5292,3.7
-0.4561,3.8
-0.7615,3.9
-0.466,4
-0.8255,4.1
-0.7971,4.2
-0.5308,4.3
-0.6188,4.4
-0.9508,4.5
-0.578,4.6
-0.6195,4.7
-0.5325,4.8
-0.6936,4.9
-0.9505,5
-1.1042,0.1
-2.051,0.2
-2.5712,0.3
-1.6456,0.4
-1.5693,0.5
-1.5253,0.6
-1.0139,0.7
-0.7967,0.8
-0.9391,0.9
-0.6971,1
-1.0825,1.1
-0.6687,1.2
-0.657,1.3
-0.7895,1.4
-0.9038,1.5
-0.5645,1.6
-0.6479,1.7
-0.5604,1.8
-0.4597,1.9
-0.6706,2
-0.7996,2.1
-0.6456,2.2
-0.793,2.3
-0.7512,2.4
-0.6668,2.5
-0.5384,2.6
-0.84,2.7
-0.7373,2.8
-0.9989,2.9
-0.4215,3
-0.84,3.1
-0.6804,3.2
-0.7834,3.3
-0.952,3.4
-0.5985,3.5
-0.5119,3.6
-0.8222,3.7
-0.6094,3.8
-0.8113,3.9
-0.4586,4
-0.8589,4.1
-0.5234,4.2
-0.5376,4.3
-0.5252,4.4
-0.5152,4.5
-0.5812,4.6
-0.765,4.7
-0.5699,4.8
-0.639,4.9
-0.6987,5
-1.6194,0.1
-2.0774,0.2
-1.4568,0.3
-1.7139,0.4
-1.1365,0.5
-1.6324,0.6
-0.9705,0.7
-1.7249,0.8
-1.064,0.9
-0.9091,1
-0.8688,1.1
-0.8213,1.2
-0.7308,1.3
-1.018,1.4
-0.912,1.5
-0.7751,1.6
-0.8147,1.7
-0.7088,1.8
-1.7894,1.9
-0.5101,2
-0.5542,2.1
-0.6998,2.2
-0.6839,2.3
-0.8972,2.4
-0.5704,2.5
-0.999,2.6
-0.793,2.7
-0.8922,2.8
-0.7363,2.9
-0.5726,3
-0.5728,3.1
-0.4335,3.2
-0.9521,3.3
-0.6616,3.4
-0.7701,3.5
-1.1636,3.6
-0.6504,3.7
-0.4249,3.8
-0.5247,3.9
-0.5209,4
-0.5733,4.1
-0.7087,4.2
-0.5648,4.3
-0.6402,4.4
-0.4604,4.5
-0.3968,4.6
-0.548,4.7
-0.4633,4.8
-0.5722,4.9
-0.6693,5
-1.9548,0.1
-1.8708,0.2
-1.3976,0.3
-1.9151,0.4
-1.5849,0.5
-1.4699,0.6
-1.2069,0.7
-1.132,0.8
-1.0576,0.9
-0.9656,1
-1.4682,1.1
-0.6226,1.2
-1.2766,1.3
-0.6848,1.4
-0.4331,1.5
-1.0581,1.6
-1.0104,1.7
-0.9769,1.8
-0.9937,1.9
-0.8047,2
-0.7313,2.1
-0.5095,2.2
-1.0621,2.3
-0.668,2.4
-0.6185,2.5
-0.5465,2.6
-0.7668,2.7
-0.5606,2.8
-0.7364,2.9
-0.4568,3
-0.5494,3.1
-0.7353,3.2
-0.5549,3.3
-0.4205,3.4
-0.6339,3.5
-1.1868,3.6
-0.4854,3.7
-0.5545,3.8
-0.5721,3.9
-0.7625,4
-1.4603,4.1
-0.6483,4.2
-0.9488,4.3
-0.6099,4.4
-0.5535,4.5
-0.5708,4.6
-0.4737,4.7
-0.5885,4.8
-0.4782,4.9
-0.8337,5
-1.6425,0.1
-2.2291,0.2
-1.7373,0.3
-1.8738,0.4
-1.3057,0.5
-1.2646,0.6
-0.9755,0.7
-0.9944,0.8
-0.8869,0.9
-1.0014,1
-0.8822,1.1
-0.998,1.2
-0.6266,1.3
-1.173,1.4
-0.7605,1.5
-1.0405,1.6
-1.1005,1.7
-1.8791,1.8
-0.8795,1.9
-0.5751,2
-0.7408,2.1
-0.6849,2.2
-0.7065,2.3
-0.7082,2.4
-0.314,2.5
-0.5987,2.6
-0.7899,2.7
-0.7408,2.8
-0.5127,2.9
-0.9329,3
-0.7727,3.1
-0.7523,3.2
-0.4095,3.3
-0.9115,3.4
-1.033,3.5
-0.3941,3.6
-0.6409,3.7
-0.746,3.8
-0.4585,3.9
-0.6114,4
-0.6784,4.1
-0.6916,4.2
-0.5138,4.3
-0.5697,4.4
-0.9365,4.5
-0.6628,4.6
-0.6545,4.7
-0.8111,4.8
-0.8583,4.9
-0.4987,5
-1.0721,0.1
-1.7257,0.2
-1.4144,0.3
-1.9864,0.4
-1.1077,0.5
-1.6766,0.6
-0.7146,0.7
-0.8172,0.8
-1.079,0.9
-0.9995,1
-1.0083,1.1
-1.4857,1.2
-1.1,1.3
-0.5679,1.4
-0.6492,1.5
-0.753,1.6
-0.5375,1.7
-0.7393,1.8
-0.7709,1.9
-0.8929,2
-0.6054,2.1
-0.3532,2.2
-0.6856,2.3
-0.4612,2.4
-0.4758,2.5
-1.0199,2.6
-0.556,2.7
-0.7179,2.8
-0.529,2.9
-0.5636,3
-0.8976,3.1
-0.8363,3.2
-0.3754,3.3
-0.8534,3.4
-0.6791,3.5
-0.5712,3.6
-0.8775,3.7
-0.4602,3.8
-0.5673,3.9
-0.8517,4
-0.6905,4.1
-0.867,4.2
-0.6135,4.3
-0.8441,4.4
-0.501,4.5
-0.7129,4.6
-0.5058,4.7
-0.3532,4.8
-0.6649,4.9
-0.5477,5
-1.0765,0.1
-1.7291,0.2
-1.8274,0.3
-1.294,0.4
-1.0342,0.5
-1.0221,0.6
-1.0502,0.7
-1.3151,0.8
-1.3787,0.9
-1.5748,1
-0.8576,1.1
-1.1187,1.2
-0.7272,1.3
-1.1836,1.4
-0.8883,1.5
-0.665,1.6
-1.1024,1.7
-0.5409,1.8
-0.9185,1.9
-1.3795,2
-0.6317,2.1
-0.9737,2.2
-1.7725,2.3
-0.535,2.4
-0.8728,2.5
-0.6407,2.6
-0.756,2.7
-0.5301,2.8
-0.6789,2.9
-0.4157,3
-0.9881,3.1
-0.7954,3.2
-0.6505,3.3
-0.7941,3.4
-0.7193,3.5
-1.0427,3.6
-0.5748,3.7
-0.4936,3.8
-0.8099,3.9
-0.5174,4
-0.7439,4.1
-0.5826,4.2
-0.4807,4.3
-0.58,4.4
-0.5436,4.5
-1.4725,4.6
-0.6428,4.7
-0.6169,4.8
-0.8108,4.9
-0.4784,5
-1.2746,0.1
-1.7216,0.2
-2.5081,0.3
-1.1633,0.4
-2.0409,0.5
-1.0709,0.6
-1.1919,0.7
-1.0994,0.8
-1.134,0.9
-1.1283,1
-0.8698,1.1
-1.0132,1.2
-0.8881,1.3
-0.7783,1.4
-1.2257,1.5
-0.5426,1.6
-1.1186,1.7
-1.3994,1.8
-0.6456,1.9
-1.2227,2
-0.93,2.1
-0.9545,2.2
-1.4175,2.3
-0.7551,2.4
-0.9752,2.5
-0.714,2.6
-1.0557,2.7
-0.5487,2.8
-0.6014,2.9
-0.8859,3
-0.7149,3.1
-0.6752,3.2
-0.7916,3.3
-0.8877,3.4
-1.4822,3.5
-0.6371,3.6
-0.5154,3.7
-0.8764,3.8
-0.6325,3.9
-0.6661,4
-0.8162,4.1
-0.6429,4.2
-0.5367,4.3
-0.6011,4.4
-0.7294,4.5
-1.4073,4.6
-1.1428,4.7
-1.6672,4.8
-0.8122,4.9
-0.8101,5
-2.4662,0.1
-1.5063,0.2
-1.9739,0.3
-2.15,0.4
-1.796,0.5
-1.4567,0.6
-1.5167,0.7
-1.2972,0.8
-0.8156,0.9
-1.1295,1
-1.425,1.1
-0.97,1.2
-0.8864,1.3
-1.0887,1.4
-1.2694,1.5
-1.105,1.6
-0.5926,1.7
-1.4373,1.8
-0.6821,1.9
-0.9238,2
-0.6457,2.1
-0.9892,2.2
-1.118,2.3
-1.0096,2.4
-0.7177,2.5
-0.5112,2.6
-0.8193,2.7
-0.5266,2.8
-0.9078,2.9
-0.6754,3
-0.6259,3.1
-0.8895,3.2
-0.6804,3.3
-0.3447,3.4
-0.612,3.5
-1.0024,3.6
-0.8021,3.7
-0.5176,3.8
-0.5713,3.9
-0.9168,4
-0.7299,4.1
-0.6638,4.2
-0.5966,4.3
-0.9841,4.4
-0.6897,4.5
-0.5823,4.6
-1.0642,4.7
-0.6806,4.8
-0.4406,4.9
-1.2779,5
-0.9884,0.1
-1.7974,0.2
-1.8049,0.3
-1.4065,0.4
-2.0989,0.5
-1.7378,0.6
-0.8655,0.7
-1.6299,0.8
-1.6625,0.9
-1.3423,1
-0.8775,1.1
-1.34,1.2
-0.689,1.3
-0.4836,1.4
-0.601,1.5
-0.7794,1.6
-0.9604,1.7
-1.1163,1.8
-0.7878,1.9
-1.1998,2
-1.343,2.1
-1.1965,2.2
-0.8907,2.3
-0.4858,2.4
-0.6061,2.5
-0.3634,2.6
-0.6884,2.7
-0.7578,2.8
-0.4907,2.9
-0.9368,3
-0.7389,3.1
-1.2484,3.2
-0.6584,3.3
-0.643,3.4
-0.4395,3.5
-0.4683,3.6
-0.7369,3.7
-0.6374,3.8
-0.8048,3.9
-0.7371,4
-0.5841,4.1
-0.6468,4.2
-0.7124,4.3
-0.6982,4.4
-0.6175,4.5
-0.3682,4.6
-1.0362,4.7
-0.4334,4.8
-0.4194,4.9
-0.7243,5
-1.3929,0.1
-1.4226,0.2
-1.7898,0.3
-1.6473,0.4
-1.2072,0.5
-1.0064,0.6
-1.2324,0.7
-1.0923,0.8
-0.9677,0.9
-1.0035,1
-0.6405,1.1
-0.8359,1.2
-0.7197,1.3
-0.7992,1.4
-0.795,1.5
-0.9758,1.6
-0.814,1.7
-1.2888,1.8
-0.7486,1.9
-0.4673,2
-0.8378,2.1
-0.7794,2.2
-0.7839,2.3
-0.7177,2.4
-0.6745,2.5
-0.8636,2.6
-0.6534,2.7
-0.8498,2.8
-0.6215,2.9
-0.8699,3
-0.8528,3.1
-0.6443,3.2
-0.3599,3.3
-0.6955,3.4
-0.439,3.5
-0.8468,3.6
-0.6385,3.7
-0.5583,3.8
-1.2287,3.9
-0.5818,4
-1.1684,4.1
-0.5047,4.2
-0.6535,4.3
-0.6398,4.4
-0.7643,4.5
-0.5777,4.6
-0.6948,4.7
-1.0358,4.8
-0.5784,4.9
-0.6627,5
-1.7574,0.1
-1.0441,0.2
-1.1149,0.3
-1.3228,0.4
-1.6195,0.5
-1.2428,0.6
-1.5045,0.7
-0.9204,0.8
-1.3442,0.9
-1.2889,1
-1.029,1.1
-0.8294,1.2
-1.0291,1.3
-0.8726,1.4
-0.8212,1.5
-0.7364,1.6
-0.8147,1.7
-0.8539,1.8
-0.9061,1.9
-1.0934,2
-0.8563,2.1
-1.0185,2.2
-1.4165,2.3
-0.7134,2.4
-0.8793,2.5
-0.4983,2.6
-0.8447,2.7
-0.6667,2.8
-0.9653,2.9
-0.5681,3
-0.8814,3.1
-0.7094,3.2
-0.5943,3.3
-0.5804,3.4
-0.5827,3.5
-0.6632,3.6
-0.4602,3.7
-0.8526,3.8
-1.0889,3.9
-0.5697,4
-0.6973,4.1
-0.64,4.2
-0.6905,4.3
-0.4064,4.4
-0.8071,4.5
-0.9933,4.6
-0.5885,4.7
-0.6288,4.8
-0.5927,4.9
-0.5808,5
-2.1288,0.1
-1.3781,0.2
-1.9688,0.3
-1.4006,0.4
-1.9856,0.5
-2.1318,0.6
-1.6028,0.7
-1.2893,0.8
-0.8779,0.9
-1.5048,1
-0.842,1.1
-0.9038,1.2
-0.7363,1.3
-1.0259,1.4
-0.6477,1.5
-0.6326,1.6
-0.7178,1.7
-0.8123,1.8
-1.2819,1.9
-0.5446,2
-1.3124,2.1
-0.8526,2.2
-0.646,2.3
-0.8558,2.4
-0.9393,2.5
-0.5515,2.6
-0.5388,2.7
-0.813,2.8
-0.6793,2.9
-0.7203,3
-0.4968,3.1
-0.4732,3.2
-0.4253,3.3
-0.5335,3.4
-0.63,3.5
-1.7288,3.6
-0.545,3.7
-0.9282,3.8
-0.8096,3.9
-0.8225,4
-0.8326,4.1
-0.6552,4.2
-0.5826,4.3
-0.5489,4.4
-0.5933,4.5
-0.4352,4.6
-0.5299,4.7
-0.6537,4.8
-0.64,4.9
-0.9706,5
-1.4404,0.1
-1.1984,0.2
-1.4065,0.3
-1.5746,0.4
-1.8217,0.5
-1.2831,0.6
-1.4559,0.7
-1.0288,0.8
-0.5131,0.9
-1.2113,1
-1.3766,1.1
-0.9727,1.2
-1.2225,1.3
-0.7135,1.4
-0.7077,1.5
-1.3198,1.6
-0.8963,1.7
-1.0091,1.8
-1.0381,1.9
-0.8715,2
-1.7552,2.1
-0.6656,2.2
-0.7152,2.3
-0.7041,2.4
-0.6775,2.5
-0.7169,2.6
-0.7009,2.7
-0.6897,2.8
-0.6066,2.9
-0.6703,3
-1.0288,3.1
-0.9447,3.2
-0.7049,3.3
-0.7353,3.4
-0.4879,3.5
-0.7701,3.6
-0.5007,3.7
-0.5782,3.8
-1.3971,3.9
-0.7165,4
-0.6286,4.1
-0.7312,4.2
-0.5788,4.3
-0.5619,4.4
-0.9235,4.5
-1.0056,4.6
-0.4222,4.7
-0.9416,4.8
-0.6183,4.9
-0.5969,5
-2.0018,0.1
-1.5444,0.2
-1.5601,0.3
-1.4814,0.4
-1.3548,0.5
-1.2989,0.6
-1.3414,0.7
-1.0154,0.8
-1.6503,0.9
-0.8251,1
-1.2095,1.1
-1.0852,1.2
-0.7577,1.3
-0.6899,1.4
-1.2909,1.5
-0.6545,1.6
-1.0272,1.7
-0.6081,1.8
-1.3581,1.9
-1.0065,2
-0.4025,2.1
-0.747,2.2
-0.5956,2.3
-0.6794,2.4
-0.5476,2.5
-0.8539,2.6
-0.5177,2.7
-0.5383,2.8
-0.8733,2.9
-0.7022,3
-0.6508,3.1
-0.4876,3.2
-0.7078,3.3
-0.9475,3.4
-0.5447,3.5
-0.6042,3.6
-0.866,3.7
-0.5134,3.8
-0.7266,3.9
-0.4582,4
-0.6105,4.1
-0.6215,4.2
-0.6727,4.3
-0.8998,4.4
-0.7247,4.5
-0.8381,4.6
-0.5814,4.7
-1.2866,4.8
-1.243,4.9
-0.6036,5
-2.1695,0.1
-2.0608,0.2
-1.4991,0.3
-1.2627,0.4
-1.3366,0.5
-1.6507,0.6
-1.196,0.7
-1.089,0.8
-0.956,0.9
-0.9389,1
-0.806,1.1
-0.7528,1.2
-0.69,1.3
-0.9032,1.4
-1.1381,1.5
-0.8088,1.6
-0.6489,1.7
-0.8918,1.8
-0.806,1.9
-0.7012,2
-0.6502,2.1
-0.4511,2.2
-0.6869,2.3
-0.7663,2.4
-0.6615,2.5
-0.6534,2.6
-1.0083,2.7
-0.7332,2.8
-1.1095,2.9
-0.4537,3
-0.9698,3.1
-0.7937,3.2
-0.559,3.3
-0.6604,3.4
-0.752,3.5
-0.8504,3.6
-0.5815,3.7
-0.9288,3.8
-0.6275,3.9
-0.5492,4
-0.7375,4.1
-0.7208,4.2
-0.4695,4.3
-0.4964,4.4
-0.6015,4.5
-0.9483,4.6
-0.7151,4.7
-0.5952,4.8
-1.2136,4.9
-0.8043,5
-1.555,0.1
-1.2979,0.2
-1.4599,0.3
-1.5834,0.4
-1.7573,0.5
-1.4073,0.6
-1.2476,0.7
-1.241,0.8
-0.9406,0.9
-0.9626,1
-0.8334,1.1
-0.9036,1.2
-0.9744,1.3
-0.5997,1.4
-0.8519,1.5
-0.8603,1.6
-0.5913,1.7
-0.74,1.8
-0.8398,1.9
-0.9482,2
-0.508,2.1
-0.7064,2.2
-0.8152,2.3
-1.0469,2.4
-0.5408,2.5
-1.6319,2.6
-1.0522,2.7
-0.6885,2.8
-0.5759,2.9
-0.8096,3
-1.7637,3.1
-0.6722,3.2
-0.7383,3.3
-0.7746,3.4
-0.8464,3.5
-0.5907,3.6
-0.6472,3.7
-0.7271,3.8
-0.8305,3.9
-0.7903,4
-0.4264,4.1
-0.5739,4.2
-0.67,4.3
-0.5002,4.4
-0.655,4.5
-0.7128,4.6
-0.6784,4.7
-0.5423,4.8
-0.5314,4.9
-0.6168,5
-1.9011,0.1
-2.0289,0.2
-1.4312,0.3
-1.1993,0.4
-1.6881,0.5
-1.0659,0.6
-1.2671,0.7
-1.1485,0.8
-0.9549,0.9
-1.1384,1
-0.936,1.1
-1.4237,1.2
-0.9644,1.3
-1.0889,1.4
-0.8021,1.5
-0.5479,1.6
-0.9542,1.7
-1.087,1.8
-0.4721,1.9
-0.9088,2
-1.0142,2.1
-0.6732,2.2
-0.6986,2.3
-0.8373,2.4
-0.8257,2.5
-0.5244,2.6
-0.6568,2.7
-0.4211,2.8
-0.6988,2.9
-0.6795,3
-0.6598,3.1
-0.6932,3.2
-0.6856,3.3
-0.7378,3.4
-0.5455,3.5
-0.8535,3.6
-0.6856,3.7
-0.6163,3.8
-0.7646,3.9
-0.9839,4
-0.766,4.1
-0.6036,4.2
-0.6214,4.3
-0.5924,4.4
-0.8711,4.5
-1.4218,4.6
-0.5179,4.7
-0.6349,4.8
-0.7269,4.9
-0.5098,5
-2.2461,0.1
-1.7405,0.2
-1.4426,0.3
-1.069,0.4
-1.1846,0.5
-1.3757,0.6
-0.8021,0.7
-0.805,0.8
-0.981,0.9
-0.8676,1
-0.9018,1.1
-1.0862,1.2
-1.2742,1.3
-1.3378,1.4
-0.9003,1.5
-0.5895,1.6
-0.4484,1.7
-0.5906,1.8
-0.8875,1.9
-1.2164,2
-0.6539,2.1
-1.0528,2.2
-0.7118,2.3
-0.7854,2.4
-0.9097,2.5
-0.4981,2.6
-0.604,2.7
-0.6124,2.8
-0.6286,2.9
-0.4118,3
-0.5842,3.1
-0.8062,3.2
-0.5994,3.3
-0.5406,3.4
-0.5426,3.5
-0.8635,3.6
-0.5663,3.7
-0.8995,3.8
-0.8132,3.9
-0.8424,4
-0.5721,4.1
-0.6405,4.2
-0.7417,4.3
-0.4381,4.4
-0.6318,4.5
-0.3307,4.6
-0.9843,4.7
-0.7715,4.8
-0.6324,4.9
-0.6501,5
-1.4882,0.1
-1.3953,0.2
-1.6563,0.3
-1.4805,0.4
-1.347,0.5
-1.4853,0.6
-0.7441,0.7
-0.9419,0.8
-0.8637,0.9
-0.8237,1
-0.8877,1.1
-0.7442,1.2
-0.6246,1.3
-0.8165,1.4
-1.0033,1.5
-1.7435,1.6
-0.8508,1.7
-0.7036,1.8
-0.727,1.9
-0.7101,2
-0.9798,2.1
-1.0941,2.2
-0.5713,2.3
-0.6086,2.4
-0.3893,2.5
-0.7636,2.6
-1.1679,2.7
-0.6107,2.8
-0.9951,2.9
-0.6384,3
-0.7426,3.1
-0.5594,3.2
-0.5881,3.3
-0.6893,3.4
-1.0612,3.5
-0.8423,3.6
-0.4635,3.7
-1.3363,3.8
-0.5632,3.9
-0.6766,4
-0.6763,4.1
-0.4467,4.2
-0.2905,4.3
-0.6443,4.4
-0.8579,4.5
-0.8637,4.6
-0.7848,4.7
-1.0311,4.8
-0.5654,4.9
-0.7427,5
-1.5635,0.1
-2.0103,0.2
-1.6656,0.3
-1.4767,0.4
-1.5072,0.5
-1.1624,0.6
-1.8237,0.7
-1.2224,0.8
-0.9395,0.9
-0.8877,1
-1.3467,1.1
-0.6601,1.2
-0.9825,1.3
-0.8143,1.4
-1.1776,1.5
-1.5858,1.6
-0.6243,1.7
-1.1844,1.8
-0.5223,1.9
-1.0518,2
-0.6232,2.1
-0.8952,2.2
-0.8109,2.3
-0.6889,2.4
-1.0077,2.5
-0.728,2.6
-0.7687,2.7
-1.0476,2.8
-0.5713,2.9
-0.5668,3
-0.9652,3.1
-0.7106,3.2
-0.5894,3.3
-0.7524,3.4
-0.4316,3.5
-0.4778,3.6
-1.2647,3.7
-0.4409,3.8
-0.7965,3.9
-0.8887,4
-0.5615,4.1
-0.6026,4.2
-0.6613,4.3
-0.9111,4.4
-0.6997,4.5
-0.7935,4.6
-0.8943,4.7
-0.4625,4.8
-0.505,4.9
-0.6702,5
-1.6257,0.1
-1.6499,0.2
-1.4481,0.3
-1.7684,0.4
-1.207,0.5
-1.4628,0.6
-0.885,0.7
-1.1358,0.8
-0.6699,0.9
-1.0584,1
-0.9563,1.1
-1.2581,1.2
-0.8232,1.3
-1.0543,1.4
-1.1288,1.5
-0.9761,1.6
-1.2279,1.7
-1.0644,1.8
-0.6229,1.9
-0.5451,2
-0.8828,2.1
-0.732,2.2
-0.6634,2.3
-1.0121,2.4
-0.9309,2.5
-0.8588,2.6
-0.848,2.7
-1.5602,2.8
-0.5631,2.9
-0.7111,3
-0.4034,3.1
-0.4346,3.2
-1.2564,3.3
-0.6368,3.4
-0.5998,3.5
-0.5847,3.6
-0.7878,3.7
-0.6771,3.8
-0.583,3.9
-0.586,4
-0.8289,4.1
-0.5438,4.2
-0.541,4.3
-0.6315,4.4
-0.8138,4.5
-0.7023,4.6
-0.6216,4.7
-0.8116,4.8
-0.4854,4.9
-0.6105,5
-0.9175,0.1
-1.6483,0.2
-1.4405,0.3
-1.2665,0.4
-1.1976,0.5
-1.5704,0.6
-0.8611,0.7
-1.0468,0.8
-1.298,0.9
-1.0882,1
-1.0843,1.1
-1.8757,1.2
-1.2406,1.3
-1.621,1.4
-1.0285,1.5
-0.5606,1.6
-0.965,1.7
-0.665,1.8
-0.8937,1.9
-0.899,2
-0.957,2.1
-1.2886,2.2
-0.5108,2.3
-0.7881,2.4
-0.6519,2.5
-0.6025,2.6
-0.6011,2.7
-0.497,2.8
-0.9618,2.9
-0.7598,3
-0.7797,3.1
-0.835,3.2
-0.8499,3.3
-0.9438,3.4
-0.95,3.5
-0.6825,3.6
-0.5464,3.7
-1.0354,3.8
-1.1474,3.9
-0.5518,4
-0.7659,4.1
-0.4124,4.2
-0.7229,4.3
-1.3163,4.4
-0.8101,4.5
-0.6372,4.6
-0.7956,4.7
-0.5498,4.8
-0.6672,4.9
-0.66,5
-1.6171,0.1
-1.4383,0.2
-1.5338,0.3
-1.5362,0.4
-1.2932,0.5
-1.1595,0.6
-1.0757,0.7
-0.9215,0.8
-0.9337,0.9
-1.2707,1
-0.9009,1.1
-0.602,1.2
-1.2354,1.3
-0.5665,1.4
-1.1616,1.5
-0.6584,1.6
-0.468,1.7
-0.8404,1.8
-0.5893,1.9
-1.3472,2
-0.5985,2.1
-1.1934,2.2
-1.5492,2.3
-0.8317,2.4
-0.63,2.5
-0.6901,2.6
-0.6167,2.7
-0.7667,2.8
-0.6902,2.9
-1.2379,3
-0.7126,3.1
-0.6898,3.2
-0.5813,3.3
-0.6866,3.4
-1.0798,3.5
-0.5503,3.6
-0.6935,3.7
-0.3759,3.8
-0.7066,3.9
-1.0605,4
-0.728,4.1
-0.6466,4.2
-1.1393,4.3
-0.5648,4.4
-0.54,4.5
-0.5966,4.6
-0.6366,4.7
-0.5804,4.8
-1.0044,4.9
-0.4983,5
-1.0622,0.1
-1.3796,0.2
-1.9598,0.3
-1.4465,0.4
-1.8364,0.5
-0.8792,0.6
-1.0317,0.7
-1.0926,0.8
-1.3576,0.9
-0.7382,1
-0.9057,1.1
-1.0869,1.2
-1.3235,1.3
-0.6888,1.4
-0.9408,1.5
-0.7504,1.6
-0.8304,1.7
-0.7845,1.8
-0.6087,1.9
-0.5871,2
-0.5937,2.1
-0.856,2.2
-1.6384,2.3
-0.5852,2.4
-0.5646,2.5
-0.8385,2.6
-1.14,2.7
-0.7612,2.8
-0.693,2.9
-0.9854,3
-0.7376,3.1
-0.8246,3.2
-0.6698,3.3
-0.5495,3.4
-0.4464,3.5
-1.1613,3.6
-0.6135,3.7
-0.7657,3.8
-0.7406,3.9
-0.7169,4
-0.523,4.1
-1.5059,4.2
-1.2365,4.3
-0.6613,4.4
-0.9325,4.5
-0.6397,4.6
-0.6366,4.7
-0.6614,4.8
-1.7661,4.9
-0.9203,5
-1.1823,0.1
-1.5676,0.2
-1.4553,0.3
-1.0304,0.4
-1.4093,0.5
-1.7323,0.6
-1.1393,0.7
-1.0999,0.8
-1.1499,0.9
-1.4002,1
-0.8811,1.1
-1.1652,1.2
-0.655,1.3
-1.0598,1.4
-1.0545,1.5
-0.8739,1.6
-0.8815,1.7
-0.8069,1.8
-0.7435,1.9
-0.7571,2
-1.2924,2.1
-0.7959,2.2
-0.9322,2.3
-0.8675,2.4
-0.4849,2.5
-0.6774,2.6
-0.6248,2.7
-1.1876,2.8
-0.7642,2.9
-0.6683,3
-0.5701,3.1
-0.4798,3.2
-0.814,3.3
-0.9962,3.4
-0.5012,3.5
-0.8008,3.6
-0.984,3.7
-0.6506,3.8
-0.4296,3.9
-0.6018,4
-0.6126,4.1
-0.5572,4.2
-0.5338,4.3
-0.621,4.4
-0.4735,4.5
-0.5392,4.6
-0.519,4.7
-0.6093,4.8
-0.5567,4.9
-0.6198,5
-1.9732,0.1
-1.3296,0.2
-1.5368,0.3
-1.3464,0.4
-1.4275,0.5
-1.0659,0.6
-1.2011,0.7
-0.7941,0.8
-0.8648,0.9
-0.5813,1
-0.5846,1.1
-1.086,1.2
-0.972,1.3
-0.6822,1.4
-0.637,1.5
-0.839,1.6
-0.5314,1.7
-0.8928,1.8
-0.6781,1.9
-0.7277,2
-1.0813,2.1
-0.7974,2.2
-0.7201,2.3
-0.8177,2.4
-1.2364,2.5
-1.7552,2.6
-0.6756,2.7
-0.5591,2.8
-0.7343,2.9
-1.0469,3
-0.6816,3.1
-0.8905,3.2
-0.5851,3.3
-0.7731,3.4
-0.7646,3.5
-0.4452,3.6
-0.8083,3.7
-0.7395,3.8
-0.6265,3.9
-0.9569,4
-0.699,4.1
-0.6261,4.2
-0.6888,4.3
-0.9863,4.4
-0.7051,4.5
-0.9616,4.6
-0.6633,4.7
-0.5498,4.8
-0.5412,4.9
-0.724,5
-2.0134,0.1
-2.1125,0.2
-1.394,0.3
-1.2917,0.4
-1.645,0.5
-1.1377,0.6
-1.1897,0.7
-1.3858,0.8
-0.8718,0.9
-0.967,1
-0.6804,1.1
-1.0878,1.2
-1.1156,1.3
-0.7805,1.4
-0.8833,1.5
-0.5898,1.6
-0.6333,1.7
-0.8323,1.8
-0.6594,1.9
-0.6282,2
-0.9177,2.1
-1.3291,2.2
-0.6738,2.3
-0.6474,2.4
-0.8735,2.5
-0.7421,2.6
-0.7988,2.7
-0.9387,2.8
-1.0107,2.9
-0.6486,3
-0.4165,3.1
-0.8446,3.2
-0.4973,3.3
-0.9916,3.4
-0.6088,3.5
-0.7235,3.6
-0.6142,3.7
-0.4834,3.8
-0.4671,3.9
-0.7193,4
-0.7122,4.1
-0.7948,4.2
-1.198,4.3
-0.777,4.4
-0.7476,4.5
-0.6558,4.6
-1.134,4.7
-0.6183,4.8
-0.4995,4.9
-0.6031,5
-1.5703,0.1
-1.7962,0.2
-1.2889,0.3
-1.4198,0.4
-1.3651,0.5
-1.0793,0.6
-0.9112,0.7
-0.9546,0.8
-1.223,0.9
-0.9427,1
-1.161,1.1
-1.1624,1.2
-0.775,1.3
-1.3476,1.4
-0.9458,1.5
-0.9992,1.6
-0.8411,1.7
-0.7926,1.8
-0.9825,1.9
-0.662,2
-0.9514,2.1
-0.8966,2.2
-0.9648,2.3
-0.6864,2.4
-0.7097,2.5
-0.7784,2.6
-0.9367,2.7
-0.5589,2.8
-0.9945,2.9
-0.676,3
-0.5688,3.1
-0.5316,3.2
-0.7796,3.3
-0.9334,3.4
-0.5344,3.5
-0.549,3.6
-0.7757,3.7
-1.2616,3.8
-0.8522,3.9
-1.3402,4
-0.4481,4.1
-0.4465,4.2
-0.4383,4.3
-0.5616,4.4
-0.8252,4.5
-0.4953,4.6
-0.6638,4.7
-0.6456,4.8
-0.6738,4.9
-0.8342,5
-1.8789,0.1
-1.5679,0.2
-1.3369,0.3
-1.3414,0.4
-1.5499,0.5
-1.5173,0.6
-1.4968,0.7
-1.0744,0.8
-1.102,0.9
-0.6449,1
-1.1402,1.1
-1.3149,1.2
-0.7725,1.3
-0.5267,1.4
-1.4815,1.5
-1.0723,1.6
-0.5415,1.7
-0.6593,1.8
-0.9154,1.9
-0.6462,2
-0.8048,2.1
-0.9115,2.2
-0.6561,2.3
-0.8923,2.4
-0.92,2.5
-0.576,2.6
-0.9073,2.7
-0.6528,2.8
-0.9453,2.9
-0.6252,3
-0.7416,3.1
-0.5924,3.2
-0.5496,3.3
-0.7964,3.4
-0.5724,3.5
-0.4889,3.6
-1.1277,3.7
-0.6031,3.8
-1.0064,3.9
-0.7049,4
-0.5313,4.1
-0.6841,4.2
-0.5607,4.3
-0.6003,4.4
-0.5411,4.5
-0.5679,4.6
-0.5835,4.7
-0.5452,4.8
-0.5128,4.9
-0.7019,5
-1.8456,0.1
-1.5002,0.2
-1.6201,0.3
-1.949,0.4
-1.3979,0.5
-1.4013,0.6
-1.2904,0.7
-1.7461,0.8
-1.285,0.9
-1.4684,1
-0.9465,1.1
-1.2117,1.2
-0.6802,1.3
-0.9882,1.4
-0.9072,1.5
-0.997,1.6
-0.5674,1.7
-0.6502,1.8
-0.6257,1.9
-0.755,2
-0.729,2.1
-0.9892,2.2
-0.7714,2.3
-0.7785,2.4
-0.9936,2.5
-1.0646,2.6
-1.4409,2.7
-0.8242,2.8
-1.0782,2.9
-0.3856,3
-0.4647,3.1
-0.9786,3.2
-0.895,3.3
-0.567,3.4
-0.2035,3.5
-0.9555,3.6
-0.6002,3.7
-0.4784,3.8
-0.6405,3.9
-0.6837,4
-0.4655,4.1
-0.447,4.2
-0.7816,4.3
-0.6283,4.4
-0.5778,4.5
-0.7753,4.6
-0.8256,4.7
-0.5597,4.8
-0.8335,4.9
-0.5449,5
-1.4095,0.1
-1.9841,0.2
-1.635,0.3
-1.6757,0.4
-1.0078,0.5
-1.3792,0.6
-1.1132,0.7
-1.326,0.8
-1.0914,0.9
-0.831,1
-1.1682,1.1
-0.5005,1.2
-0.8608,1.3
-0.9261,1.4
-0.7782,1.5
-0.8334,1.6
-0.9176,1.7
-0.6787,1.8
-1.0628,1.9
-1.014,2
-0.736,2.1
-0.8039,2.2
-0.4153,2.3
-0.5179,2.4
-0.8129,2.5
-0.8304,2.6
-1.4372,2.7
-0.6598,2.8
-0.4707,2.9
-0.8818,3
-0.8851,3.1
-0.6242,3.2
-0.6676,3.3
-1.3354,3.4
-0.557,3.5
-0.7065,3.6
-0.5868,3.7
-0.7661,3.8
-0.62,3.9
-0.5507,4
-0.6095,4.1
-1.0121,4.2
-0.7372,4.3
-1.3177,4.4
-0.8783,4.5
-1.1466,4.6
-0.7442,4.7
-0.9878,4.8
-0.6167,4.9
-0.6319,5
-1.0435,0.1
-1.9157,0.2
-1.6907,0.3
-1.2119,0.4
-1.3626,0.5
-1.4301,0.6
-1.3006,0.7
-1.2494,0.8
-1.4117,0.9
-0.5756,1
-0.9954,1.1
-1.1096,1.2
-0.5895,1.3
-1.3922,1.4
-0.8044,1.5
-0.8432,1.6
-0.9491,1.7
-0.8601,1.8
-0.7202,1.9
-1.1546,2
-0.8444,2.1
-0.7281,2.2
-0.7911,2.3
-0.7738,2.4
-1.1894,2.5
-0.5313,2.6
-0.559,2.7
-1.0416,2.8
-0.7231,2.9
-0.8124,3
-1.0816,3.1
-0.5455,3.2
-0.5477,3.3
-0.5994,3.4
-0.5467,3.5
-0.7155,3.6
-0.7777,3.7
-1.1257,3.8
-0.4038,3.9
-0.6634,4
-0.4881,4.1
-0.5051,4.2
-1.033,4.3
-0.8892,4.4
-0.349,4.5
-0.4552,4.6
-0.5315,4.7
-0.7426,4.8
-0.5571,4.9
-0.6944,5
-2.3081,0.1
-1.86,0.2
-2.3801,0.3
-1.4881,0.4
-1.7873,0.5
-1.5226,0.6
-1.0297,0.7
-1.28,0.8
-0.9494,0.9
-0.6171,1
-0.9213,1.1
-0.7878,1.2
-0.7485,1.3
-0.9954,1.4
-1.0879,1.5
-0.9472,1.6
-0.6399,1.7
-0.5385,1.8
-0.7534,1.9
-1.4275,2
-0.6144,2.1
-0.6789,2.2
-0.4365,2.3
-0.7955,2.4
-0.7723,2.5
-0.7072,2.6
-0.7409,2.7
-0.6602,2.8
-0.7684,2.9
-0.9121,3
-0.7734,3.1
-0.6224,3.2
-0.5342,3.3
-0.836,3.4
-1.2008,3.5
-0.3809,3.6
-0.9016,3.7
-0.8697,3.8
-0.6911,3.9
-0.5365,4
-0.7336,4.1
-0.382,4.2
-0.5137,4.3
-0.6293,4.4
-0.9048,4.5
-0.9604,4.6
-0.4273,4.7
-0.6442,4.8
-0.6424,4.9
-0.4774,5
-1.1422,0.1
-1.7947,0.2
-2.0882,0.3
-1.1678,0.4
-1.2825,0.5
-1.0651,0.6
-0.7991,0.7
-0.9376,0.8
-1.3405,0.9
-0.8908,1
-0.7698,1.1
-1.0783,1.2
-1.2868,1.3
-0.6647,1.4
-1.1927,1.5
-0.6827,1.6
-0.9479,1.7
-0.9295,1.8
-0.5641,1.9
-1.5777,2
-0.5905,2.1
-0.6873,2.2
-1.1488,2.3
-0.7103,2.4
-0.6586,2.5
-0.6309,2.6
-0.7825,2.7
-0.8539,2.8
-0.7692,2.9
-0.6338,3
-0.7067,3.1
-1.0922,3.2
-0.6287,3.3
-1.48,3.4
-1.0868,3.5
-0.598,3.6
-0.639,3.7
-0.6669,3.8
-0.4186,3.9
-0.6672,4
-0.7721,4.1
-1.0886,4.2
-0.4952,4.3
-0.5972,4.4
-0.8526,4.5
-1.2892,4.6
-0.4002,4.7
-0.6599,4.8
-0.58,4.9
-0.5045,5
